fold,family,components,explained_variance
1,mBERT+Qwen,128,0.570801317542235
1,mBERT+Qwen,256,0.6629012258085788
1,mBERT+Qwen,512,0.7604855514038514
1,mBERT+Qwen,768,0.8163960448929569
1,mBERT+Qwen,1024,0.8545191546336012
1,mBERT+Qwen,1536,0.9049463061021858
1,mBERT+Qwen,2048,0.9359275506660422
1,Llama-2+Qwen,128,0.373888750474392
1,Llama-2+Qwen,256,0.45723693666383125
1,Llama-2+Qwen,512,0.5602103843564029
1,Llama-2+Qwen,768,0.6300644480142977
1,Llama-2+Qwen,1024,0.683180890482263
1,Llama-2+Qwen,1536,0.7601725173656176
1,Llama-2+Qwen,2048,0.8113660379100947
1,mBERT+Qwen2.5+Llama-2,128,0.3805638023686204
1,mBERT+Qwen2.5+Llama-2,256,0.4608279723299528
1,mBERT+Qwen2.5+Llama-2,512,0.5600531622226353
1,mBERT+Qwen2.5+Llama-2,768,0.6276834094479757
1,mBERT+Qwen2.5+Llama-2,1024,0.6793178250008389
1,mBERT+Qwen2.5+Llama-2,1536,0.7544475566733698
1,mBERT+Qwen2.5+Llama-2,2048,0.8045893616607164
1,mBERT+Qwen+Char,128,0.4828992967973863
1,mBERT+Qwen+Char,256,0.5725818482511223
1,mBERT+Qwen+Char,512,0.6779217689245914
1,mBERT+Qwen+Char,768,0.7451056296611833
1,mBERT+Qwen+Char,1024,0.7948592790082838
1,mBERT+Qwen+Char,1536,0.8633559348288742
1,mBERT+Qwen+Char,2048,0.9037812296286916
1,DistilBERT+mBERT,128,0.7240430464179519
1,DistilBERT+mBERT,256,0.8533669840480967
1,DistilBERT+mBERT,512,0.9460175695943746
1,DistilBERT+mBERT,768,0.9753315047190612
1,DistilBERT+mBERT,1024,0.9885763127454671
1,Qwen2.5,128,0.9448894382089653
1,Qwen2.5,256,0.9605201701411056
1,Qwen2.5,512,0.9735438282576687
1,Qwen2.5,768,0.9801890236690469
1,Qwen2.5,1024,0.9842888880767371
1,Llama-2,128,0.29556719252326114
1,Llama-2,256,0.4031927297851783
1,Llama-2,512,0.5428754519162321
1,Llama-2,768,0.6374486557377743
1,Llama-2,1024,0.7041905175591896
1,mBERT,128,0.8570346716275908
1,mBERT,256,0.9394977951421536
1,mBERT,512,0.9846213928316612
2,mBERT+Qwen,128,0.571103070249293
2,mBERT+Qwen,256,0.6631034585968579
2,mBERT+Qwen,512,0.7606167819108005
2,mBERT+Qwen,768,0.8165135686104997
2,mBERT+Qwen,1024,0.8546192370101346
2,mBERT+Qwen,1536,0.905019399963226
2,mBERT+Qwen,2048,0.9359863206166262
2,Llama-2+Qwen,128,0.37341793543091806
2,Llama-2+Qwen,256,0.4566383768527313
2,Llama-2+Qwen,512,0.5595480600777605
2,Llama-2+Qwen,768,0.6294524951783721
2,Llama-2+Qwen,1024,0.6826251252814347
2,Llama-2+Qwen,1536,0.7597358888669195
2,Llama-2+Qwen,2048,0.8110306803243649
2,mBERT+Qwen2.5+Llama-2,128,0.3802554438178404
2,mBERT+Qwen2.5+Llama-2,256,0.460379148443402
2,mBERT+Qwen2.5+Llama-2,512,0.5594905626028144
2,mBERT+Qwen2.5+Llama-2,768,0.6271672500810761
2,mBERT+Qwen2.5+Llama-2,1024,0.6788286529858619
2,mBERT+Qwen2.5+Llama-2,1536,0.7540615809619634
2,mBERT+Qwen2.5+Llama-2,2048,0.804300190561469
2,mBERT+Qwen+Char,128,0.4831844420604661
2,mBERT+Qwen+Char,256,0.5734140011113693
2,mBERT+Qwen+Char,512,0.6787918088566679
2,mBERT+Qwen+Char,768,0.7459229167420465
2,mBERT+Qwen+Char,1024,0.7955171062362726
2,mBERT+Qwen+Char,1536,0.8637787047599619
2,mBERT+Qwen+Char,2048,0.9040349425024774
2,DistilBERT+mBERT,128,0.7244839239095373
2,DistilBERT+mBERT,256,0.8535641705156786
2,DistilBERT+mBERT,512,0.946092726524479
2,DistilBERT+mBERT,768,0.9753744341332264
2,DistilBERT+mBERT,1024,0.9885972000275424
2,Qwen2.5,128,0.9448250383408873
2,Qwen2.5,256,0.960461541625886
2,Qwen2.5,512,0.9735021399384408
2,Qwen2.5,768,0.980160174158445
2,Qwen2.5,1024,0.9842641332199797
2,Llama-2,128,0.29442792425550934
2,Llama-2,256,0.40186583174179635
2,Llama-2,512,0.541657049243825
2,Llama-2,768,0.6363180952056631
2,Llama-2,1024,0.7032098787150117
2,mBERT,128,0.8576376865688039
2,mBERT,256,0.9397154588174086
2,mBERT,512,0.9846808145925305
3,mBERT+Qwen,128,0.5710563727314932
3,mBERT+Qwen,256,0.6631145296967533
3,mBERT+Qwen,512,0.7606380476580467
3,mBERT+Qwen,768,0.8165167838994958
3,mBERT+Qwen,1024,0.8546165741613378
3,mBERT+Qwen,1536,0.9050180136187876
3,mBERT+Qwen,2048,0.9359830672431901
3,Llama-2+Qwen,128,0.37333626964946437
3,Llama-2+Qwen,256,0.4565265363051187
3,Llama-2+Qwen,512,0.5595652237420953
3,Llama-2+Qwen,768,0.629539958288216
3,Llama-2+Qwen,1024,0.6827489391261239
3,Llama-2+Qwen,1536,0.7598567523665244
3,Llama-2+Qwen,2048,0.8111477498800566
3,mBERT+Qwen2.5+Llama-2,128,0.3801954685117736
3,mBERT+Qwen2.5+Llama-2,256,0.46031514852809646
3,mBERT+Qwen2.5+Llama-2,512,0.559569932418949
3,mBERT+Qwen2.5+Llama-2,768,0.6272900637241103
3,mBERT+Qwen2.5+Llama-2,1024,0.6789794432360957
3,mBERT+Qwen2.5+Llama-2,1536,0.7542010448113746
3,mBERT+Qwen2.5+Llama-2,2048,0.804428034636193
3,mBERT+Qwen+Char,128,0.4837364461229584
3,mBERT+Qwen+Char,256,0.5736227585282723
3,mBERT+Qwen+Char,512,0.6788730999275329
3,mBERT+Qwen+Char,768,0.7459950611414279
3,mBERT+Qwen+Char,1024,0.7956372134787777
3,mBERT+Qwen+Char,1536,0.8639118314613651
3,mBERT+Qwen+Char,2048,0.9042253297342084
3,DistilBERT+mBERT,128,0.724757326926271
3,DistilBERT+mBERT,256,0.8537156743480699
3,DistilBERT+mBERT,512,0.9461731891412601
3,DistilBERT+mBERT,768,0.9754140935097921
3,DistilBERT+mBERT,1024,0.9886169978578977
3,Qwen2.5,128,0.9448430028715955
3,Qwen2.5,256,0.960479116259846
3,Qwen2.5,512,0.9735147952989517
3,Qwen2.5,768,0.9801700280217417
3,Qwen2.5,1024,0.9842727045812933
3,Llama-2,128,0.2943798031995363
3,Llama-2,256,0.40187986488174177
3,Llama-2,512,0.5418571464799182
3,Llama-2,768,0.6366202837242791
3,Llama-2,1024,0.7034923197061802
3,mBERT,128,0.8579587614912304
3,mBERT,256,0.9398653030833063
3,mBERT,512,0.9847227061113899
4,mBERT+Qwen,128,0.5708829970632663
4,mBERT+Qwen,256,0.6630536729405889
4,mBERT+Qwen,512,0.7606049093641641
4,mBERT+Qwen,768,0.8164963081275505
4,mBERT+Qwen,1024,0.8546025775631899
4,mBERT+Qwen,1536,0.9050010760092713
4,mBERT+Qwen,2048,0.93595695523687
4,Llama-2+Qwen,128,0.3732540377295309
4,Llama-2+Qwen,256,0.4565353897851616
4,Llama-2+Qwen,512,0.5595889875648506
4,Llama-2+Qwen,768,0.6295849146506481
4,Llama-2+Qwen,1024,0.6828129220961084
4,Llama-2+Qwen,1536,0.7599573127137336
4,Llama-2+Qwen,2048,0.811245809138251
4,mBERT+Qwen2.5+Llama-2,128,0.3799995189319225
4,mBERT+Qwen2.5+Llama-2,256,0.4601964713059579
4,mBERT+Qwen2.5+Llama-2,512,0.5594840891678086
4,mBERT+Qwen2.5+Llama-2,768,0.6272459990870338
4,mBERT+Qwen2.5+Llama-2,1024,0.6789673612134893
4,mBERT+Qwen2.5+Llama-2,1536,0.7542397505699706
4,mBERT+Qwen2.5+Llama-2,2048,0.8044822342103463
4,mBERT+Qwen+Char,128,0.48315048993088244
4,mBERT+Qwen+Char,256,0.5732620419491741
4,mBERT+Qwen+Char,512,0.67858734607259
4,mBERT+Qwen+Char,768,0.7457195396128194
4,mBERT+Qwen+Char,1024,0.7953636085753913
4,mBERT+Qwen+Char,1536,0.8637493132118472
4,mBERT+Qwen+Char,2048,0.9041240321297511
4,DistilBERT+mBERT,128,0.7239032849752217
4,DistilBERT+mBERT,256,0.8532620242875557
4,DistilBERT+mBERT,512,0.9459818939202124
4,DistilBERT+mBERT,768,0.9753195530342359
4,DistilBERT+mBERT,1024,0.9885657681134229
4,Qwen2.5,128,0.9447484726714579
4,Qwen2.5,256,0.9604192425475809
4,Qwen2.5,512,0.9734739721131381
4,Qwen2.5,768,0.9801405119877161
4,Qwen2.5,1024,0.9842493795343914
4,Llama-2,128,0.2942233552637186
4,Llama-2,256,0.4017588577303942
4,Llama-2,512,0.541769927596524
4,Llama-2,768,0.6365992667576592
4,Llama-2,1024,0.7035380454730493
4,mBERT,128,0.8572568901253287
4,mBERT,256,0.9395710254387718
4,mBERT,512,0.9846482225096685
5,mBERT+Qwen,128,0.5700796073884914
5,mBERT+Qwen,256,0.6622258504060757
5,mBERT+Qwen,512,0.7599231650254106
5,mBERT+Qwen,768,0.815908782471086
5,mBERT+Qwen,1024,0.8540843510122291
5,mBERT+Qwen,1536,0.9046007238793591
5,mBERT+Qwen,2048,0.9356716751943742
5,Llama-2+Qwen,128,0.37298279783970917
5,Llama-2+Qwen,256,0.4561453093304611
5,Llama-2+Qwen,512,0.5590869162611567
5,Llama-2+Qwen,768,0.6289905177665164
5,Llama-2+Qwen,1024,0.6821840736908814
5,Llama-2+Qwen,1536,0.7592934173597495
5,Llama-2+Qwen,2048,0.8106021971537573
5,mBERT+Qwen2.5+Llama-2,128,0.3796998059632725
5,mBERT+Qwen2.5+Llama-2,256,0.4597899483411186
5,mBERT+Qwen2.5+Llama-2,512,0.5589625105153382
5,mBERT+Qwen2.5+Llama-2,768,0.6266387050178299
5,mBERT+Qwen2.5+Llama-2,1024,0.6783425018281947
5,mBERT+Qwen2.5+Llama-2,1536,0.7535934750761661
5,mBERT+Qwen2.5+Llama-2,2048,0.8038261665639597
5,mBERT+Qwen+Char,128,0.4818691668654692
5,mBERT+Qwen+Char,256,0.5717302406752846
5,mBERT+Qwen+Char,512,0.6767928141319718
5,mBERT+Qwen+Char,768,0.7439586187975378
5,mBERT+Qwen+Char,1024,0.793789132628084
5,mBERT+Qwen+Char,1536,0.8625113294835045
5,mBERT+Qwen+Char,2048,0.9031359188305101
5,DistilBERT+mBERT,128,0.7236903282908249
5,DistilBERT+mBERT,256,0.8531022513742251
5,DistilBERT+mBERT,512,0.9459238679564003
5,DistilBERT+mBERT,768,0.9752831058235217
5,DistilBERT+mBERT,1024,0.9885522138991111
5,Qwen2.5,128,0.9448061447111251
5,Qwen2.5,256,0.9604376435223634
5,Qwen2.5,512,0.9734736766087789
5,Qwen2.5,768,0.9801288026454585
5,Qwen2.5,1024,0.9842321460128877
5,Llama-2,128,0.2943468542229204
5,Llama-2,256,0.40172353675443345
5,Llama-2,512,0.5415317356342254
5,Llama-2,768,0.6362141594452871
5,Llama-2,1024,0.7030844082610437
5,mBERT,128,0.8571256375839723
5,mBERT,256,0.9395146250453302
5,mBERT,512,0.9846171853915411
