family,components,mean,std
DistilBERT+mBERT,128,0.7241755821039614,0.0004360861167531295
DistilBERT+mBERT,256,0.8534022209147253,0.00024256915735101068
DistilBERT+mBERT,512,0.9460378494273453,9.729131522775754e-05
DistilBERT+mBERT,768,0.9753445382439676,5.074390346914743e-05
DistilBERT+mBERT,1024,0.9885816985286882,2.5683006454158996e-05
Llama-2,128,0.2945890258929892,0.0005520190115673011
Llama-2,256,0.40208416417870885,0.0006233380671936752
Llama-2,512,0.5419382621741449,0.0005379557227096153
Llama-2,768,0.6366400921741325,0.00048500898521834434
Llama-2,1024,0.7035030339428949,0.00042870787662651564
Llama-2+Qwen,128,0.3733759582248029,0.000330050320276602
Llama-2+Qwen,256,0.45661650978746077,0.00039437077428505904
Llama-2+Qwen,512,0.5595999144004532,0.000399953861818529
Llama-2+Qwen,768,0.6295264667796101,0.0003826666714437238
Llama-2+Qwen,1024,0.6827103901353623,0.00035973896756648794
Llama-2+Qwen,1536,0.7598031777345089,0.0003268879882696566
Llama-2+Qwen,2048,0.8110784948813048,0.00029352047030724906
Qwen2.5,128,0.9448224193608062,5.16116340311495e-05
Qwen2.5,256,0.9604635428193564,3.900794168045884e-05
Qwen2.5,512,0.9735016824433955,2.9582998152923287e-05
Qwen2.5,768,0.9801577080964817,2.3820990536941406e-05
Qwen2.5,1024,0.9842614502850578,2.1743580229919272e-05
mBERT,128,0.8574027294793852,0.0003866173980912392
mBERT,256,0.9396328415053941,0.00015564212411577397
mBERT,512,0.9846580642873584,4.418393988159156e-05
mBERT+Qwen,128,0.5707846729949557,0.00041299507599555304
mBERT+Qwen,256,0.662879747489771,0.0003753205699251553
mBERT+Qwen,512,0.7604536910724546,0.0003024590514681062
mBERT+Qwen,768,0.8163662976003178,0.000260500771960001
mBERT+Qwen,1024,0.8544883788760986,0.00022955657503495345
mBERT+Qwen,1536,0.904917103914566,0.0001793374313312969
mBERT+Qwen,2048,0.9359051137914205,0.0001326233543750752
mBERT+Qwen+Char,128,0.4829679683554325,0.0006860782693846446
mBERT+Qwen+Char,256,0.5729221781030445,0.0007721317046722482
mBERT+Qwen+Char,512,0.6781933675826708,0.0008675688544619017
mBERT+Qwen+Char,768,0.745340353191003,0.0008479519743740855
mBERT+Qwen+Char,1024,0.7950332679853619,0.0007559959439137467
mBERT+Qwen+Char,1536,0.8634614227491106,0.0005701363248568313
mBERT+Qwen+Char,2048,0.9038602905651277,0.00043711598823315613
mBERT+Qwen2.5+Llama-2,128,0.3801428079186859,0.00031995264374051345
mBERT+Qwen2.5+Llama-2,256,0.4603017377897055,0.0003728620793419044
mBERT+Qwen2.5+Llama-2,512,0.5595120513855092,0.00038710139933745833
mBERT+Qwen2.5+Llama-2,768,0.6272050854716051,0.00037413479819855676
mBERT+Qwen2.5+Llama-2,1024,0.6788871568528961,0.0003537288396587296
mBERT+Qwen2.5+Llama-2,1536,0.7541086816185689,0.00031945366853442626
mBERT+Qwen2.5+Llama-2,2048,0.8043251975265369,0.0002977733747683433
