fold,training_seed,configuration,source_dimension,final_dimension,validation_accuracy,validation_spam_f1,validation_macro_f1,validation_weighted_f1,validation_mcc,validation_cohen_kappa,validation_balanced_accuracy,validation_roc_auc,validation_brier,validation_ece_15,accuracy,spam_f1,macro_f1,weighted_f1,mcc,cohen_kappa,balanced_accuracy,roc_auc,brier,ece_15,epochs,physical_batch_size,effective_batch_size,best_validation_loss,train_seconds,peak_gpu_memory_mb,trainable_parameters,stored_embedding_mb,inference_ms_per_message,training_source_table_mb,deployment_max_logit_error,cost_basis
1,13,DistilBERT+mBERT PCA-1024 full vocabulary diagnostic,1536,1024,0.9042945515108256,0.6912300901938208,0.8173005411726504,0.9128507247541544,0.6599273000453499,0.6377860010788284,0.8959811374306874,0.959902790693885,0.07136596739292145,0.11106515978667961,0.9162239089184061,0.7241487035301468,0.8373805769454526,0.9227449475486803,0.6941874055445324,0.6768416355192044,0.9064995402551399,0.9661021893998675,0.06414280086755753,0.1026207656257625,6.0,256.0,1024.0,0.4401848614215851,17.307092699978966,1286.88896,198785.0,221.712384,0.021789364324660842,,,
1,13,Llama-2+Qwen Averaging,7680,3584,0.9518201284796574,0.8111888111888111,0.8917879011967782,0.9528748393886363,0.7850153732637618,0.7836590085761315,0.9100926983447115,0.9631371483574231,0.04678997024893761,0.0750826713612448,0.9552182163187856,0.8240775251584048,0.8992105840718371,0.9558526415790602,0.7990307256969967,0.7984535116848737,0.9110021453647934,0.9645827124087569,0.04494283348321915,0.07210012542568076,6.0,256.0,1024.0,0.4100860059261322,57.03908389998833,4050.609664,690305.0,1185.2288,0.06634541745511886,,,
1,13,Llama-2+Qwen Late fusion,7680,7680,,,,,,,,,,,0.959203036053131,0.8384673178061608,0.907560295888638,0.9596487972020501,0.8154865689769456,0.8151380264938102,0.9167539401965488,0.9701084093645311,0.04386789724230766,0.0927100027490768,,,,,156.65690220001852,,1478914.0,1269.888,0.1511530455403326,,,sum of measured independent branch costs; aggregation excluded
1,13,Llama-2+Qwen MoE,7680,3584,0.9361170592433976,0.7675324675324675,0.8652515461369412,0.9393139122788758,0.7381416237427593,0.7311101080572904,0.9081514053565214,0.9608128808981485,0.05728961527347565,0.09490868344284992,0.9420777988614801,0.7890827431335291,0.8777560206003352,0.944605912701971,0.7614455211464147,0.7559307414642972,0.9156064548962473,0.9693848315143319,0.05449039861559868,0.09497374638135721,6.0,64.0,1024.0,0.4217819273471832,130.0010578999645,3129.776128,697475.0,1185.2288,0.07091105313206435,1185.2288,0.0,
1,13,mBERT+Qwen Averaging,4352,768,0.934630026171782,0.7593606306109043,0.8607692095478034,0.9376278886350012,0.7278281844712992,0.722055774093314,0.8990428049167982,0.9559017358638392,0.0555930361151695,0.0907686528061298,0.940180265654649,0.7790432801822323,0.8722253956119238,0.9424744553087292,0.7489244877351259,0.7447812415305145,0.9044165494469508,0.963195793169784,0.0516734980046749,0.0884262890217426,10.0,256.0,1024.0,0.4426360726356506,22.94941659999313,895.328768,149633.0,253.9776,0.0173037808347162,,,
1,13,mBERT+Qwen Late fusion,4352,4352,,,,,,,,,,,0.9549335863377608,0.8218972628421447,0.8980501357929835,0.9554610208468132,0.7965134773226897,0.796122395790914,0.9076914651951494,0.9669365014062612,0.0469114296138286,0.0982694416647985,,,,,118.52068070002132,,839938.0,846.5920000000001,0.0892744165078354,,,sum of measured independent branch costs; aggregation excluded
1,13,mBERT+Qwen MoE,4352,768,0.9384963121579823,0.7735435830048182,0.8689797892999176,0.9413119413705906,0.7443262545685203,0.7384445604465031,0.9080218129010172,0.9634582197348658,0.052866656333208,0.0783137258273189,0.9417931688804554,0.7873114924596983,0.876797182299207,0.9442595439182522,0.7591582755508013,0.7539899230178216,0.9132900047888872,0.96528709425316,0.050031803548336,0.0762761634096779,10.0,256.0,1024.0,0.4179491996765136,54.08344980003312,1535.808,151171.0,253.9776,0.0173694307399397,253.9776,0.0,
1,21,DistilBERT+mBERT PCA-1024 full vocabulary diagnostic,1536,1024,0.91143231025458,0.7069474512891163,0.8273902726087876,0.9186752136779793,0.6757561521465971,0.6571965549340173,0.8989821821181367,0.959883602896393,0.06800994277000427,0.10689986877381809,0.9211100569259962,0.7333654000320667,0.8435359695091158,0.9265924538605989,0.7022828136557364,0.6886013330221246,0.904148576959738,0.9666620016514612,0.060666993260383606,0.09700460696126383,6.0,256.0,1024.0,0.43471911549568176,17.163907899986953,1286.88896,198785.0,221.712384,0.02168548387074154,,,
1,21,Llama-2+Qwen Averaging,7680,3584,0.9437901498929336,0.7913446676970634,0.8794324300849985,0.9461951155684073,0.7644946165382044,0.759249780970026,0.9165417104308624,0.9650697619432816,0.057755302637815475,0.09479725075202727,0.9485768500948767,0.8083451202263083,0.8893248721885432,0.9503746927854992,0.7824578271755184,0.7788843084063583,0.9196433717870725,0.9679704581291008,0.054791271686553955,0.09239150971842246,7.0,256.0,1024.0,0.4135441780090332,64.10185620002449,4050.609664,690305.0,1185.2288,0.0667649003794369,,,
1,21,Llama-2+Qwen Late fusion,7680,7680,,,,,,,,,,,0.9622390891840608,0.850488354620586,0.9144395296829719,0.9626516774102697,0.8292496214864464,0.828895196615201,0.9237875402344529,0.9741868254965665,0.03660975769162178,0.06764279670688186,,,,,230.46399759998894,,1478914.0,1269.888,0.1454198719165773,,,sum of measured independent branch costs; aggregation excluded
1,21,Llama-2+Qwen MoE,7680,3584,0.8794313585534143,0.6378417009112024,0.7827592919584377,0.8925939306167695,0.6041660655979074,0.5718822789471442,0.8784477138337867,0.957062780511383,0.06534948945045471,0.11064780976861724,0.8877134724857685,0.6582936336076224,0.795556148964002,0.8990369788522176,0.6242306828782984,0.5961167916648225,0.8839472051241177,0.9632844013486295,0.06068130210042,0.1068355908584684,5.0,64.0,1024.0,0.44085878133773804,105.20682680001482,3129.776128,697475.0,1185.2288,0.06989765180225362,1185.2288,0.0,
1,21,mBERT+Qwen Averaging,4352,768,0.937128241732096,0.7672318872495045,0.8654438155774393,0.9398797179539886,0.7366366432379702,0.7313389213138294,0.9021588433715388,0.9607968356428802,0.05249934643507,0.0848910986488388,0.9415085388994308,0.7839495356579639,0.8750625795317224,0.9437517869910094,0.7546230439619408,0.7504482718533897,0.9074937494635336,0.9637355961138692,0.048532448709011,0.0814879278250328,13.0,256.0,1024.0,0.4214836657047272,28.69844589999412,895.328768,149633.0,253.9776,0.0170434013280118,,,
1,21,mBERT+Qwen Late fusion,4352,4352,,,,,,,,,,,0.9575901328273244,0.832646948708349,0.9041826736588624,0.9581127372695624,0.8088291639780228,0.8083884519491151,0.914508685269838,0.9689374008762472,0.0421020686626434,0.0830816419915326,,,,,168.1285429999989,,839938.0,846.5920000000001,0.0838819781785072,,,sum of measured independent branch costs; aggregation excluded
1,21,mBERT+Qwen MoE,4352,768,0.9579467047347132,0.831224635951301,0.9036028054905136,0.958459017497928,0.8076530090771923,0.8072277502888158,0.9137897080578274,0.967070414062361,0.0368066132068634,0.0448623107856593,0.958111954459203,0.8339289072785405,0.9049811732332228,0.9585467619690774,0.8102907786360708,0.8099784885853604,0.9136462726465948,0.9649939406937054,0.0368208549916744,0.0436547371100252,15.0,256.0,1024.0,0.4205294549465179,81.62266930000624,1535.808,151171.0,253.9776,0.0173312096789822,253.9776,0.0,
1,42,DistilBERT+mBERT PCA-1024 full vocabulary diagnostic,1536,1024,0.9230311682131811,0.735810534912209,0.845382117696305,0.9284276273224621,0.7060882810852743,0.6922637317657085,0.9068514570172552,0.9641234410538058,0.059700943529605865,0.08572060276419385,0.9298861480075902,0.7565876152832675,0.8578160865154976,0.9341312129302322,0.7271617826280674,0.7166426917696487,0.9108094137129008,0.9707045908003814,0.0538170151412487,0.07868431659885443,7.0,256.0,1024.0,0.42071816325187683,20.004488500009757,1286.88896,198785.0,221.712384,0.02108208254263321,,,
1,42,Llama-2+Qwen Averaging,7680,3584,0.9465262907447062,0.7987463622117752,0.8839566430532759,0.9485384535744752,0.7722505824563161,0.7681937954168898,0.9164032723009511,0.9657182064098216,0.05403216555714607,0.08518931944461246,0.9491935483870968,0.8099378881987578,0.8903077531342865,0.9508977860353977,0.7841157859603983,0.7808282787309687,0.9193321691857749,0.9679237245614865,0.05251138284802437,0.0829810325393411,7.0,256.0,1024.0,0.4024834930896759,64.70671779999975,4050.609664,690305.0,1185.2288,0.07279339184102282,,,
1,42,Llama-2+Qwen Late fusion,7680,7680,,,,,,,,,,,0.9636148007590133,0.853765490943756,0.9164940146036673,0.963784417734754,0.8330549969499939,0.8329908316817685,0.9204292923415924,0.9719997112153305,0.04013453423976898,0.08125018889236439,,,,,466.0751816000048,,1478914.0,1269.888,0.3611763851999992,,,sum of measured independent branch costs; aggregation excluded
1,42,Llama-2+Qwen MoE,7680,3584,0.8501070663811563,0.5939413470834676,0.7510154616371456,0.8700636633765558,0.5649752205527848,0.5150345867003379,0.8740544896868914,0.9584078218374761,0.08375630527734756,0.1436716813228266,0.8575426944971537,0.6122659780503551,0.7625037575853983,0.8757665086466369,0.5837942632134085,0.5363799758859618,0.8818241539931321,0.9646303114128084,0.07981996983289719,0.14212207573128466,5.0,64.0,1024.0,0.44763442873954773,105.60779739997815,3129.776128,697475.0,1185.2288,0.06919022296028268,1185.2288,0.0,
1,42,mBERT+Qwen Averaging,4352,768,0.9546157506542946,0.8131276022532452,0.8936495463620582,0.9546780148271125,0.7873045607329902,0.7872993907478598,0.8947338973392975,0.9560392927517511,0.0438721552491188,0.0619501078741985,0.955360531309298,0.8167478091528725,0.8956662745966928,0.9551621120176224,0.7913902890046511,0.7913356321294494,0.892192916667605,0.959220655928248,0.0419616103172302,0.0584871163810877,10.0,256.0,1024.0,0.4634732902050018,22.21262980002212,895.328768,149633.0,253.9776,0.0168269639470273,,,
1,42,mBERT+Qwen Late fusion,4352,4352,,,,,,,,,,,0.9522770398481972,0.8153450807635829,0.8939712982811159,0.9532468129295332,0.7891995969281735,0.7880142452482318,0.9109822507536804,0.9668662863584444,0.0487315692007541,0.0981693672182381,,,,,360.35201639999286,,839938.0,846.5920000000001,0.2268749857691944,,,sum of measured independent branch costs; aggregation excluded
1,42,mBERT+Qwen MoE,4352,768,0.9309421841541756,0.7527156549520767,0.8562914580889182,0.9347927002712662,0.7220523136695823,0.713407161233921,0.903936458128784,0.9622211388672782,0.0599893406033515,0.0960591961157712,0.9375711574952562,0.7752732240437158,0.8695118874735988,0.9405574680821236,0.7461184102669141,0.7395703977265601,0.9107170726877352,0.9661860324648356,0.0551121644675731,0.0914164318242755,10.0,256.0,1024.0,0.4188480377197265,54.37089919997379,1535.808,151171.0,253.9776,0.0177592409864568,253.9776,0.0,
1,87,DistilBERT+mBERT PCA-1024 full vocabulary diagnostic,1536,1024,0.9151201522721866,0.719149773666601,0.834577514447777,0.9220614707310117,0.6904331388105871,0.6714704391476445,0.9076478171219999,0.9652809441061454,0.06492982059717178,0.09018285828836434,0.9259013282732448,0.7511946479770628,0.853831536128323,0.9312084538939694,0.7242663368210549,0.7091968209036719,0.9186454297323587,0.9733013171900867,0.05642186477780342,0.08148718795719674,8.0,256.0,1024.0,0.42733585834503174,23.112939499958884,1286.88896,198785.0,221.712384,0.02141467741974656,,,
1,87,Llama-2+Qwen Averaging,7680,3584,0.9424220794670474,0.7857459052678176,0.8762440788621779,0.944833641551884,0.7578386722498585,0.7528653483755385,0.9121617880499927,0.9631312124443343,0.052784085273742676,0.08288297081481848,0.9460151802656547,0.7994360239689813,0.8841229892360392,0.9479676406603316,0.7722933800203013,0.7685100910093788,0.9152001168485168,0.9655646073950731,0.05005890876054764,0.08031198343746293,7.0,256.0,1024.0,0.41106554865837097,64.94433540001046,4050.609664,690305.0,1185.2288,0.06938692125365001,,,
1,87,Llama-2+Qwen Late fusion,7680,7680,,,,,,,,,,,0.9541745730550285,0.8248095756256801,0.8992246317248632,0.9553253941313252,0.800406937830349,0.798555212701719,0.9208465161199318,0.9722985787406603,0.04325621575117111,0.083886585928733,,,,,193.54824170001666,,1478914.0,1269.888,0.14580861005557222,,,sum of measured independent branch costs; aggregation excluded
1,87,Llama-2+Qwen MoE,7680,3584,0.9511658339281466,0.8088474970896391,0.8904273627150947,0.9522576415516135,0.7823538657850525,0.7809427618191208,0.9090849066689901,0.9601885791369448,0.05126941204071045,0.0834102136112418,0.9552182163187856,0.824990730441231,0.8996574171163887,0.955947881283448,0.8001250788830079,0.7993577680463388,0.9133220155101225,0.96500504539016,0.0484260618686676,0.0824545031893235,6.0,64.0,1024.0,0.4313877522945404,129.10927260003518,3129.776128,697475.0,1185.2288,0.07168263757152507,1185.2288,0.0,
1,87,mBERT+Qwen Averaging,4352,768,0.936354984534856,0.76431718061674,0.8637635964973399,0.939135130589096,0.7332351090963304,0.7279822679576169,0.9002359234476714,0.9576838067127028,0.053148690611124,0.0856567944898357,0.9415085388994308,0.7816539755622455,0.8739425904431883,0.9435180490621607,0.7514526022053328,0.7481425253980153,0.9025225991521142,0.9626077864588352,0.0494306720793247,0.0812638913162858,10.0,256.0,1024.0,0.4350189864635467,22.244094499968924,895.328768,149633.0,253.9776,0.0169234535108149,,,
1,87,mBERT+Qwen Late fusion,4352,4352,,,,,,,,,,,0.9506641366223908,0.8129496402877698,0.8922671698706608,0.9520638577326772,0.787018444942053,0.7846807639322837,0.9165251313148604,0.9685645124681654,0.0482776388525962,0.1002502776204345,,,,,144.2049612000119,,839938.0,846.5920000000001,0.0885426328267104,,,sum of measured independent branch costs; aggregation excluded
1,87,mBERT+Qwen MoE,4352,768,0.9392100880323578,0.7769532955041467,0.8708814408104026,0.9420706168449204,0.748536310962572,0.74227059929265,0.9113939436061652,0.966311581565016,0.0510531514883041,0.0775009540868903,0.9437381404174572,0.7945252945252945,0.8809660659721119,0.946132894237426,0.7675933576701874,0.7623180875196898,0.9180444623287406,0.9676304354517464,0.0483559295535087,0.0752282245209673,13.0,256.0,1024.0,0.4005691707134247,69.7218577999738,1535.808,151171.0,253.9776,0.0170190417449886,253.9776,0.0,
1,101,DistilBERT+mBERT PCA-1024 full vocabulary diagnostic,1536,1024,0.9190459195812515,0.727309156481667,0.839888294582118,0.9252132635135923,0.698055265730311,0.6816660928221314,0.9073386508251502,0.964665870445122,0.062070634216070175,0.09150962828546177,0.9291271347248576,0.7563600782778865,0.8574461654851184,0.9336539500153525,0.7278494853697214,0.7160377444913151,0.9140221640148443,0.9715956879493961,0.05453474447131157,0.08316376142210877,7.0,256.0,1024.0,0.41686075925827026,20.15536770003382,1286.88896,198785.0,221.712384,0.022820559772309377,,,
1,101,Llama-2+Qwen Averaging,7680,3584,0.8939448013323816,0.6654156502158003,0.8012004916567603,0.9041133187826652,0.6313949001194382,0.6065371664245705,0.8841614209212504,0.9620924775353956,0.057560764253139496,0.10525427092808025,0.9001423149905123,0.681398516724686,0.8110955680971053,0.9088728707731245,0.6463492749223402,0.6254022038000976,0.8862282036183835,0.9634317445088162,0.05473659932613373,0.101207759366786,5.0,256.0,1024.0,0.4085639417171478,46.27188740001293,4050.609664,690305.0,1185.2288,0.07050673624417131,,,
1,101,Llama-2+Qwen Late fusion,7680,7680,,,,,,,,,,,0.9623814041745731,0.849782155711309,0.9141402847643609,0.9626592310125155,0.8284487211787694,0.8282878730012899,0.920388877502665,0.9728248787909348,0.03925814852118492,0.08224890311946652,,,,,219.13344600002165,,1478914.0,1269.888,0.1423232068301733,,,sum of measured independent branch costs; aggregation excluded
1,101,Llama-2+Qwen MoE,7680,3584,0.8726504877468475,0.6252406791528093,0.7742662856191835,0.8872144344173359,0.5914297124821029,0.5560483022317315,0.8748022318368126,0.9557803572488555,0.06817943602800369,0.1170391715013152,0.8821631878557875,0.6491525423728813,0.7891714821328488,0.8947303526577731,0.6160231386058495,0.5843338913998672,0.8837653383489441,0.9623096175388223,0.06420740485191345,0.11528516560368789,5.0,64.0,1024.0,0.4413686990737915,100.92462479998358,3129.776128,697475.0,1185.2288,0.0661288614801672,1185.2288,0.0,
1,101,mBERT+Qwen Averaging,4352,768,0.9435522246014753,0.7851482906950419,0.8763280399618257,0.9454341763618588,0.7559790657932333,0.752886723136645,0.9041182600159388,0.9596107504207932,0.0456224121153354,0.0653270082498403,0.9494781783681214,0.8063988365751682,0.8886736538095569,0.950699811090814,0.7791236872819189,0.7774554219921093,0.9088893334938248,0.9645903762133522,0.0418807379901409,0.0620535949319318,15.0,256.0,1024.0,0.4353444278240204,33.24254230002407,895.328768,149633.0,253.9776,0.0170808254272378,,,
1,101,mBERT+Qwen Late fusion,4352,4352,,,,,,,,,,,0.9481499051233396,0.8029565530917613,0.8865518842808382,0.9495735637522238,0.7754011998332272,0.7732476640526742,0.9096233487159968,0.9635104679437756,0.0550911128520965,0.124272652119186,,,,,158.91438010000277,,839938.0,846.5920000000001,0.0878388994311859,,,sum of measured independent branch costs; aggregation excluded
1,101,mBERT+Qwen MoE,4352,768,0.9412919343326196,0.7813953488372093,0.8737441548885624,0.9437363323038812,0.752747646765254,0.7478682039208917,0.9091883944086692,0.9642970291004398,0.0497997067868709,0.0778787797012229,0.9452561669829224,0.7948809100604337,0.881646947612469,0.9470589907233298,0.7666089510412596,0.7635146222762057,0.9094647965899052,0.9661388818194202,0.046767771244049,0.0734771925875602,10.0,256.0,1024.0,0.4035946726799011,54.6324714999646,1535.808,151171.0,253.9776,0.0170323814028402,253.9776,0.0,
2,13,DistilBERT+mBERT PCA-1024 full vocabulary diagnostic,1536,1024,0.9310181624563687,0.7631044290938643,0.8613680295310064,0.9353316920975187,0.7352512916334017,0.7238056645734796,0.9170808519737448,0.9695131684731859,0.05301155522465706,0.07805651331585206,0.9183905325443787,0.727989902177343,0.8399918323539868,0.9241695670481677,0.6958876314034017,0.6816454397950307,0.9015710649622104,0.9596169035358669,0.06319968402385712,0.08464636610069219,7.0,256.0,1024.0,0.3873748183250427,20.554741700005252,1286.818816,198785.0,221.712384,0.026984123077750558,,,
2,13,Llama-2+Qwen Averaging,7680,3584,0.9560433059220257,0.8302490290153073,0.902500911938759,0.9568853825318535,0.8061380733995073,0.8050605565986413,0.9188245518209952,0.9696615574642343,0.045132435858249664,0.07719404707454877,0.9461775147928994,0.7958340815227151,0.8824185538062581,0.9474931889042849,0.7666454562449299,0.7649556685055494,0.9025544598116648,0.9579131187371546,0.051698386669158936,0.07671097570869345,6.0,256.0,1024.0,0.3736218810081482,55.11142299999483,4041.812992,690305.0,1175.867392,0.07130306745609323,,,
2,13,Llama-2+Qwen Late fusion,7680,7680,,,,,,,,,,,0.9541301775147929,0.8226898444647759,0.8981737926958921,0.9549055629238417,0.7972244102876846,0.7963952774854328,0.9123274977885176,0.9646152222655071,0.04260498657822609,0.07036079137635654,,,,,231.61790939999628,,1478914.0,1259.85792,0.15020713846325962,,,sum of measured independent branch costs; aggregation excluded
2,13,Llama-2+Qwen MoE,7680,3584,0.9517245459385908,0.8202643171806168,0.8961910665380977,0.9533416334241668,0.7959237889922455,0.7925844476171084,0.9256071141442099,0.9717374852103593,0.045946236699819565,0.07310150492419994,0.9403550295857989,0.779874213836478,0.8726891191834747,0.9424463855595346,0.7491200494904068,0.7456538752249149,0.9018466865996696,0.9547702740359453,0.0545714795589447,0.0745905796521338,8.0,64.0,1024.0,0.38030317425727844,167.0760161000071,3108.641792,697475.0,1175.867392,0.0699053301762503,1175.867392,0.0,
2,13,mBERT+Qwen Averaging,4352,768,0.9536177009998226,0.82189913675602,0.8976180488568564,0.9546121752639404,0.7966532615342767,0.7953140336153897,0.9157967897718189,0.9655285655267889,0.044732678681612015,0.07879435513874931,0.9403076923076923,0.7754229741763135,0.870501169086246,0.9419594649719264,0.743283679794197,0.7411718100914917,0.8928258842468634,0.9460785367897055,0.054597608745098114,0.07881974846750674,10.0,256.0,1024.0,0.39433005452156067,22.45118440000806,893.252608,149633.0,251.971584,0.017138570414845053,,,
2,13,mBERT+Qwen Late fusion,4352,4352,,,,,,,,,,,0.9535621301775148,0.8184342032204331,0.8959052987497395,0.9541305571506292,0.7922643609430787,0.7918357182440039,0.9059528320651092,0.9607638010008688,0.045272476971149445,0.07835790346377698,,,,,177.96502709999913,,839938.0,839.9052800000001,0.08755652544490941,,,sum of measured independent branch costs; aggregation excluded
2,13,mBERT+Qwen MoE,4352,768,0.9382358161273147,0.7818637693272044,0.8729442899013693,0.9415012007021205,0.7547707797372912,0.7465586997320263,0.9197604942251358,0.9705455927920549,0.05256994068622589,0.08611861492799126,0.9273372781065089,0.747657405885254,0.8526077003712221,0.9314856092731733,0.715344892519037,0.7061466657214364,0.9012826308993185,0.9558751088438199,0.062271710485219955,0.08748574140297591,11.0,256.0,1024.0,0.37237223982810974,88.10708559997147,1153.938432,151171.0,251.971584,0.016921126628129262,251.971584,0.0,
2,21,DistilBERT+mBERT PCA-1024 full vocabulary diagnostic,1536,1024,0.9340353783352068,0.7695804918371565,0.8655442073229349,0.9377767312610262,0.741282934190288,0.7319189875190883,0.9155146278146346,0.9679632561208844,0.05217616260051727,0.07939459602050702,0.9217041420118344,0.7362882653061225,0.8451578632662138,0.9269814186182784,0.7046997338542526,0.6917481208154868,0.9037899010238075,0.9610188444823681,0.06291566044092178,0.08691708851477803,7.0,256.0,1024.0,0.3926732838153839,20.435964899952523,1286.818816,198785.0,221.712384,0.03219560236730695,,,
2,21,Llama-2+Qwen Averaging,7680,3584,0.9515470626516003,0.8165733482642777,0.8943300946017889,0.9528581123295387,0.7909302934075136,0.7887911391965705,0.9174921194592749,0.9694166865584575,0.049824245274066925,0.0780748715317868,0.9457988165680473,0.796877771864467,0.882802363385597,0.9473810492829217,0.7682125273526665,0.7657764568616022,0.9072439517112456,0.9588754307611587,0.05442943423986435,0.07601753286761646,8.0,256.0,1024.0,0.3881930708885193,73.27801860001637,4041.812992,690305.0,1175.867392,0.07019459408261543,,,
2,21,Llama-2+Qwen Late fusion,7680,7680,,,,,,,,,,,0.9481656804733728,0.8047084002140182,0.8874127378904875,0.9495711648390937,0.7770844363794708,0.7749666366195759,0.9102304621635482,0.963342909282425,0.04852592200040817,0.08213482798768217,,,,,195.47670319999452,,1478914.0,1259.85792,0.1502439715973921,,,sum of measured independent branch costs; aggregation excluded
2,21,Llama-2+Qwen MoE,7680,3584,0.9520795125125717,0.8148148148148148,0.8936468746539418,0.9529842879730693,0.7883790370632925,0.7873559160646496,0.9093712137631597,0.963608891969649,0.052144598215818405,0.07917827771530186,0.9479763313609467,0.8006530019952839,0.885368828895946,0.949039038775322,0.7719968418803369,0.7708171239527942,0.9021097223979982,0.9570380012418578,0.055312175303697586,0.07629181222097409,6.0,64.0,1024.0,0.42288732528686523,127.21444140002131,3108.641792,697475.0,1175.867392,0.07007721183579084,1175.867392,0.0,
2,21,mBERT+Qwen Averaging,4352,768,0.9481157191031178,0.8064444934892959,0.8882435960187727,0.9498143220131247,0.7798152486986388,0.7766945986007224,0.9163563008956636,0.9658255857634426,0.04659746587276459,0.08719703701888357,0.9348639053254438,0.7630037891836031,0.8626236155883991,0.9374952834619585,0.7301839952632265,0.7256509405232796,0.8959318262790014,0.950219442653726,0.05767761915922165,0.09036463351679977,13.0,256.0,1024.0,0.3849966526031494,29.043544000014663,893.252608,149633.0,251.971584,0.01740387692419294,,,
2,21,mBERT+Qwen Late fusion,4352,4352,,,,,,,,,,,0.9304615384615385,0.7567478059281338,0.8580900113289285,0.934256174412877,0.7254628725896283,0.7169897700410357,0.9048650736248931,0.9544387370788132,0.06682701408863068,0.13114500833686285,,,,,130.5116068000207,,839938.0,839.9052800000001,0.0925577088760641,,,sum of measured independent branch costs; aggregation excluded
2,21,mBERT+Qwen MoE,4352,768,0.9556883393480448,0.8317987873343813,0.9031409022012417,0.9568405843553601,0.8084075428089998,0.8063921977643683,0.9258138380324796,0.97196232973946,0.038965821266174316,0.06051445229093926,0.9457041420118343,0.7947754517802827,0.8817443991941974,0.9471079957902081,0.7655155215892968,0.763622943750204,0.9031018202213197,0.9559413338402275,0.04738979414105415,0.05830200188408589,17.0,256.0,1024.0,0.3595696687698364,136.93466400000034,1153.938432,151171.0,251.971584,0.01795662011807928,251.971584,0.0,
2,42,DistilBERT+mBERT PCA-1024 full vocabulary diagnostic,1536,1024,0.9382358161273147,0.783402489626556,0.8736925509610736,0.9416544778592021,0.7572044452865083,0.7481235368120323,0.9232536595780829,0.9718769592337261,0.04829280078411102,0.06378884980913346,0.9278579881656804,0.751953125,0.8548720369363818,0.9322232116021302,0.7212940325552417,0.7107907146881611,0.9074667478422392,0.9638859439535898,0.056440647691488266,0.0679166101599057,10.0,256.0,1024.0,0.3901582360267639,29.06942810001783,1286.818816,198785.0,221.712384,0.021384728995300608,,,
2,42,Llama-2+Qwen Averaging,7680,3584,0.9581731053659114,0.8372093023255814,0.9066065518517905,0.9588423209887459,0.8140067082897204,0.8132518798505236,0.9202451809916092,0.9694565293578608,0.046885374933481216,0.07026437231935288,0.9513372781065089,0.8129548762736536,0.8924925657419854,0.9522710223426342,0.7861082095289039,0.785050578267542,0.9084436643833359,0.9588582102022172,0.051593270152807236,0.0682606382322382,7.0,256.0,1024.0,0.3886188864707947,64.27378629997838,4041.812992,690305.0,1175.867392,0.0697254721879871,,,
2,42,Llama-2+Qwen Late fusion,7680,7680,,,,,,,,,,,0.9531834319526628,0.8190963965611853,0.8961044878708925,0.9539817643548792,0.7930981157497069,0.7922585224977579,0.9103152775360857,0.9639411074187156,0.04323630779981613,0.07149399949918837,,,,,607.7425254999944,,1478914.0,1259.85792,0.366651252070552,,,sum of measured independent branch costs; aggregation excluded
2,42,Llama-2+Qwen MoE,7680,3584,0.8908477785008578,0.6698872785829307,0.8022505819147067,0.9018813165943603,0.6384831722534959,0.6094180394182747,0.8929289124999151,0.9670102105450501,0.05512930080294609,0.08629631294998866,0.8888994082840237,0.6614741093321794,0.7975094305757083,0.8997500362743359,0.6260783563508032,0.5996610483796598,0.8824448122283437,0.9592449106244751,0.059998515993356705,0.08288191834184723,6.0,64.0,1024.0,0.40086600184440613,126.46564329997636,3108.641792,697475.0,1175.867392,0.06990595029380459,1175.867392,0.0,
2,42,mBERT+Qwen Averaging,4352,768,0.9528486067561971,0.8200496726123279,0.8964598024361295,0.9539742129992383,0.7946815118239237,0.7930182368298417,0.9167963482225137,0.9670139089646137,0.04215215519070625,0.066336827455456,0.9404023668639053,0.7760185020458993,0.8708234146637807,0.9420763186937975,0.7440009428258887,0.7418212907629346,0.8935340282364435,0.9493909813378578,0.052736155688762665,0.06779003198153874,12.0,256.0,1024.0,0.3903782069683075,26.975602800026536,893.252608,149633.0,251.971584,0.01726013727860867,,,
2,42,mBERT+Qwen Late fusion,4352,4352,,,,,,,,,,,0.9424378698224852,0.7892547660311958,0.8779607163489312,0.9446297991037091,0.7604116586480967,0.7562369899511907,0.9103943561554353,0.9590434136058565,0.058348413556814194,0.11301344712933846,,,,,419.96799779997673,,839938.0,839.9052800000001,0.2029794508869588,,,sum of measured independent branch costs; aggregation excluded
2,42,mBERT+Qwen MoE,4352,768,0.9475832692421464,0.8065502183406114,0.8881173729080734,0.9495135101358922,0.7804852122823652,0.7765018981445968,0.9201621199793146,0.9687726770452826,0.048252757638692856,0.08426046643523182,0.9354792899408284,0.7652832788014465,0.8639412031029432,0.938089930399268,0.7328482124456134,0.7282836178161676,0.8974278211395297,0.953360145084445,0.057645902037620544,0.08512135379254464,10.0,256.0,1024.0,0.3749581277370453,80.16474809998181,1153.938432,151171.0,251.971584,0.022438560948657565,251.971584,0.0,
2,87,DistilBERT+mBERT PCA-1024 full vocabulary diagnostic,1536,1024,0.9375258829793528,0.7813664596273292,0.8724612530052714,0.9410289070399138,0.7549975716226142,0.7456902283842504,0.9226431296446255,0.9706486317301142,0.04916628077626228,0.06878008516988572,0.9238816568047338,0.7428023032629558,0.84906657748847,0.9289320393525404,0.7121278774796054,0.6994791538202092,0.9071588788542742,0.9619414318079048,0.05954395607113838,0.07501167025465584,8.0,256.0,1024.0,0.3868127763271332,23.503520899976138,1286.818816,198785.0,221.712384,0.026412326627625868,,,
2,87,Llama-2+Qwen Averaging,7680,3584,0.9543867952434479,0.8240930869267625,0.8989445484254858,0.9552857390217264,0.7990851636323161,0.7979536599905592,0.915619152580641,0.9680248210788597,0.04806893318891525,0.08236503119979964,0.9465562130177515,0.7971977725884678,0.8832102866704299,0.9478550528753678,0.768210129765939,0.766536909180818,0.9032612339840562,0.9558571673284635,0.05373697355389595,0.08081316541629076,6.0,256.0,1024.0,0.383417546749115,55.535003800003324,4041.812992,690305.0,1175.867392,0.07012264142033352,,,
2,87,Llama-2+Qwen Late fusion,7680,7680,,,,,,,,,,,0.9529940828402367,0.8176978153111805,0.8953581596187454,0.9537256524741873,0.7914537888928611,0.7907576539704823,0.908244896699717,0.9622130778857042,0.04439539089798927,0.07739828277321964,,,,,204.62716620002175,,1478914.0,1259.85792,0.1495906745563067,,,sum of measured independent branch costs; aggregation excluded
2,87,Llama-2+Qwen MoE,7680,3584,0.953676862095486,0.8215181217232733,0.8974513345623063,0.9546067665537289,0.7961411236240729,0.7949707399465432,0.9143921817025457,0.9657502122957431,0.04891990125179291,0.07791111343847976,0.9480236686390533,0.8015184381778742,0.8858074243288738,0.9491568318138168,0.7730544063821672,0.7717054993116496,0.9037719801072057,0.95713690616262,0.05274738743901253,0.07518534024738702,6.0,64.0,1024.0,0.407925009727478,124.40349490003427,3108.641792,697475.0,1175.867392,0.06961133254460505,1175.867392,0.0,
2,87,mBERT+Qwen Averaging,4352,768,0.9379400106489972,0.7745540511497958,0.8692857382288272,0.940590906228976,0.7441732679938778,0.7390019468084517,0.9054135818240605,0.9602930246515007,0.0573129840195179,0.10529260933734196,0.9237869822485207,0.7316666666666667,0.8436264367816092,0.9277724850710739,0.6954854978912464,0.6880639131258468,0.8863373795055245,0.9433395409740541,0.06817280501127243,0.10905043898672746,8.0,256.0,1024.0,0.42444390058517456,18.18871949997265,893.252608,149633.0,251.971584,0.01708639053264137,,,
2,87,mBERT+Qwen Late fusion,4352,4352,,,,,,,,,,,0.939076923076923,0.7762128325508607,0.8704757962584435,0.9413213855973923,0.7450827566981014,0.7412634595033152,0.9011169963126582,0.9578805418065734,0.05788417533040047,0.1123290413842046,,,,,135.610531000013,,839938.0,839.9052800000001,0.0921200568052063,,,sum of measured independent branch costs; aggregation excluded
2,87,mBERT+Qwen MoE,4352,768,0.9599479382358161,0.8444750746611532,0.910744650358112,0.9606261986981941,0.8223866449716821,0.8215309624062563,0.9253674113356398,0.9710375956461366,0.03638267517089844,0.056214685243658705,0.9484970414201184,0.8021098581302292,0.8862530135231033,0.9494928184070163,0.7736334212403053,0.7725763715042943,0.9020799571974356,0.9576190509148482,0.04592756927013397,0.05574390984930583,13.0,256.0,1024.0,0.3646093010902405,107.48324129998218,1153.938432,151171.0,251.971584,0.02233131361034142,251.971584,0.0,
2,101,DistilBERT+mBERT PCA-1024 full vocabulary diagnostic,1536,1024,0.9305448736910608,0.7623481781376519,0.8608387464512135,0.9349732492408629,0.7347267639629239,0.722800303180066,0.9178382204690888,0.9698940087864113,0.05209151655435562,0.07559080341525495,0.9202366863905326,0.7330904482813243,0.8431014197051222,0.9257828016362768,0.7015611096980194,0.6877638462110043,0.9037697245435645,0.9601765305039542,0.06193796917796135,0.07995736441814158,8.0,256.0,1024.0,0.3862982392311096,23.689791499986313,1286.818816,198785.0,221.712384,0.026326404732911014,,,
2,101,Llama-2+Qwen Averaging,7680,3584,0.9502455185470035,0.8130695710157813,0.892186677547335,0.9517386473988976,0.7871728882454565,0.7845396432758658,0.9179824103811569,0.9695977314637311,0.05203133448958397,0.08903089525037135,0.941585798816568,0.7850174216027874,0.875609231206762,0.9436956767017827,0.7552212474791345,0.7515054897618918,0.9059833388208416,0.956361599933293,0.058810748159885406,0.08842348943130504,6.0,256.0,1024.0,0.37128305435180664,55.301364000013564,4041.812992,690305.0,1175.867392,0.06931481656712099,,,
2,101,Llama-2+Qwen Late fusion,7680,7680,,,,,,,,,,,0.9521420118343196,0.8170135746606335,0.894742321707444,0.9531612242808031,0.7908798636707844,0.7895642199518487,0.9126641329374418,0.9643845059133258,0.047441065311431885,0.08658589092523034,,,,,275.2444469000038,,1478914.0,1259.85792,0.1490439384619115,,,sum of measured independent branch costs; aggregation excluded
2,101,Llama-2+Qwen MoE,7680,3584,0.9502455185470035,0.8107986501687289,0.8910776057968742,0.9515041071550292,0.7841198961484304,0.7822723670960923,0.9124344418794172,0.9656165200811262,0.054676033556461334,0.09199255035625617,0.9442366863905326,0.7906150017774618,0.8792251505173897,0.9458222313005298,0.7609035842548779,0.7586176887332211,0.9027545973124722,0.9549755406266768,0.05885791778564453,0.08849782286355129,6.0,64.0,1024.0,0.399598628282547,125.12336389999837,3108.641792,697475.0,1175.867392,0.074515995266434,1175.867392,0.0,
2,101,mBERT+Qwen Averaging,4352,768,0.9430278648760575,0.7912421417732495,0.8791273908948458,0.9452791997201473,0.7630997414526889,0.758590880837625,0.9130424846660941,0.965647431762544,0.04951160401105881,0.09167639335289811,0.9286627218934911,0.7457398346549687,0.8521254854248331,0.9320821707395379,0.7111982829731536,0.7048829709987504,0.8915738610371753,0.9481129419009652,0.061597276479005814,0.09543234210201268,10.0,256.0,1024.0,0.3901776075363159,22.328150500019547,893.252608,149633.0,251.971584,0.017112321892654048,,,
2,101,mBERT+Qwen Late fusion,4352,4352,,,,,,,,,,,0.9435739644970415,0.7905832747716093,0.8789887761789552,0.9454320493550231,0.7613005588881577,0.7582066196211895,0.9066278429577307,0.9584151721858146,0.05643676593899727,0.11001222780152893,,,,,224.056333000015,,839938.0,839.9052800000001,0.0921836970415319,,,sum of measured independent branch costs; aggregation excluded
2,101,mBERT+Qwen MoE,4352,768,0.9474649470508194,0.8074588031222897,0.8885207970533693,0.9495366965259555,0.7819508083020734,0.777350201905591,0.9231768164327403,0.9717212703053733,0.0442880280315876,0.07270416776693016,0.9357159763313609,0.7692830445124023,0.8659692089793338,0.9386360129197586,0.7383030979397402,0.7324472317793234,0.9044309239711499,0.9583897739212516,0.05405566841363907,0.07440416599783672,14.0,256.0,1024.0,0.3592616319656372,116.26035470003262,1153.938432,151171.0,251.971584,0.02218492781004962,251.971584,0.0,
3,13,DistilBERT+mBERT PCA-1024 full vocabulary diagnostic,1536,1024,0.9134609685258728,0.7145091904575674,0.8317550842605009,0.9200213457263926,0.6816756945485721,0.6655459386163503,0.8974829388484342,0.9587382711171789,0.06415025144815445,0.08738882322161136,0.9183470133320681,0.7260862645233169,0.8390543948414584,0.9241194988068815,0.6938330404063675,0.6797569542395516,0.9002842653177348,0.9588474187913938,0.061169128865003586,0.08202663833469771,7.0,256.0,1024.0,0.4715442955493927,20.71362140000565,1286.860288,198785.0,221.712384,0.028191364996345388,,,
3,13,Llama-2+Qwen Averaging,7680,3584,0.9473060280955485,0.8018720748829953,0.8857420535071274,0.9488819147189763,0.7742295681512191,0.771658909025062,0.9110239577849422,0.9605838986324805,0.049857012927532196,0.07831671023044155,0.9520330217772928,0.8162820279847356,0.8943487573008724,0.9531330748496889,0.7903126332192038,0.7887898870099554,0.913724726397465,0.9617334093442619,0.046540096402168274,0.07406624312935751,7.0,256.0,1024.0,0.4366605579853058,64.027013599989,4043.951616,690305.0,1177.573376,0.06953080134727345,,,
3,13,Llama-2+Qwen Late fusion,7680,7680,,,,,,,,,,,0.9578213218199934,0.8336140744899869,0.9047318423304298,0.9582835856238621,0.8098309803352477,0.8094818655310025,0.913891265443463,0.9662751621398032,0.04229256138205528,0.07898911189256264,,,,,174.8849259999988,,1478914.0,1261.68576,0.14971471746520099,,,sum of measured independent branch costs; aggregation excluded
3,13,Llama-2+Qwen MoE,7680,3584,0.9350364530851758,0.7654109589041096,0.8638544302604483,0.9379656583854473,0.733922100424949,0.7282131593892787,0.9017581768482144,0.9549735296302387,0.060352638363838196,0.09680613401441907,0.9407885372681122,0.7812061711079944,0.8734837439902112,0.9429688395547441,0.7510982779852904,0.7472689552924219,0.9043399283086683,0.9558156948759293,0.05568550154566765,0.09036552189752681,5.0,64.0,1024.0,0.46177682280540466,102.8031103000394,3114.924032,697475.0,1177.573376,0.0671171608863536,1177.573376,0.0,
3,13,mBERT+Qwen Averaging,4352,768,0.9321320609329619,0.7557072754427139,0.8581496280844614,0.9352713352092812,0.7227863483738296,0.7168549993604161,0.8965993335454725,0.950567667062076,0.056844666600227356,0.08582400024490577,0.9405987569388433,0.783690393918452,0.8746313158614973,0.9431099120639016,0.7547935610892968,0.7496654810584916,0.9108325076565122,0.9590252600752016,0.05092955008149147,0.08395062993434048,12.0,256.0,1024.0,0.48797377943992615,28.31657909997739,893.659648,149633.0,252.337152,0.029939052047859353,,,
3,13,mBERT+Qwen Late fusion,4352,4352,,,,,,,,,,,0.9580111021492622,0.8334901222953904,0.9047333344450159,0.9583795374163452,0.8097011810737793,0.8094782296531546,0.9120192738194713,0.9608892143212475,0.04792819544672966,0.09923081504401167,,,,,128.15009449998615,,839938.0,841.12384,0.0860968638801512,,,sum of measured independent branch costs; aggregation excluded
3,13,mBERT+Qwen MoE,4352,768,0.9289905755438326,0.751864125932063,0.8552154550944122,0.9330214672863983,0.7204395455634255,0.7113262412597505,0.9038707624459069,0.9590464568694024,0.05935978889465332,0.09215554796218003,0.9367557052711486,0.7769784172661871,0.8700659010067011,0.9401608601776313,0.74930993252909,0.7408442510406003,0.9175513709063388,0.9614761300688561,0.05443119257688522,0.08957499337827618,11.0,256.0,1024.0,0.44430306553840637,92.68116909998935,1156.56704,151171.0,252.337152,0.021176267970910472,252.337152,0.0,
3,21,DistilBERT+mBERT PCA-1024 full vocabulary diagnostic,1536,1024,0.9205737656333353,0.7291835084882781,0.8413230177018038,0.925745038122703,0.695800265208241,0.6839885847995801,0.8968030066681134,0.9566559169815507,0.06162075698375702,0.09225551077522919,0.9248944346918442,0.739166254737189,0.8476488056282592,0.9293362642415426,0.7060732426865205,0.6963303231331692,0.8977484465817562,0.9562327131388899,0.059292927384376526,0.08655766529956498,6.0,256.0,1024.0,0.4593732953071594,17.710963000019547,1286.860288,198785.0,221.712384,0.026272111779781674,,,
3,21,Llama-2+Qwen Averaging,7680,3584,0.8733922114871673,0.6327372764786795,0.7781247078518871,0.8875767715037816,0.5983929395773276,0.5635302422986942,0.8773013781589364,0.9567132497167421,0.07632933557033539,0.14094288041094769,0.8755041039996204,0.6389653274628508,0.7818744541344524,0.8894851553445386,0.606453785048076,0.5709438186693132,0.8826103727467632,0.9587004169163661,0.07218987494707108,0.13688571907644587,5.0,256.0,1024.0,0.45308998227119446,45.71821200003615,4043.951616,690305.0,1177.573376,0.07850863500691994,,,
3,21,Llama-2+Qwen Late fusion,7680,7680,,,,,,,,,,,0.9558760734449874,0.8262331838565022,0.900481409057755,0.9563903895658483,0.8013755809176472,0.8009843561169592,0.9101412619602527,0.9642866441320632,0.04906517639756203,0.10045598423285293,,,,,148.24450729999808,,1478914.0,1261.68576,0.147655819139149,,,sum of measured independent branch costs; aggregation excluded
3,21,Llama-2+Qwen MoE,7680,3584,0.8925967636773161,0.665929203539823,0.8009708168980985,0.902634235264731,0.6298447604229573,0.6059756337959221,0.8812539472006866,0.9560977215792631,0.059834834188222885,0.09669978821983681,0.8924419983868672,0.6628996282527881,0.7994562495324173,0.9022835084558409,0.6253171638731445,0.6027594613344637,0.8769256486600703,0.9535121178913031,0.058370307087898254,0.09223261533253174,5.0,64.0,1024.0,0.4568721055984497,103.67162859998643,3114.924032,697475.0,1177.573376,0.07069194382627043,1177.573376,0.0,
3,21,mBERT+Qwen Averaging,4352,768,0.9316578744591311,0.7524157182735667,0.8563866454527538,0.9346591098059549,0.718564252516349,0.7132753417017615,0.8924149521178404,0.9486463797986364,0.05843116715550423,0.09556614444813297,0.938558618399203,0.7743509322181564,0.8693943319610623,0.9409620976449671,0.7434405306244449,0.7391432649036072,0.9020777443403447,0.954968401355337,0.05404292419552803,0.09404524076519154,9.0,256.0,1024.0,0.4808526933193207,21.188926199974958,893.659648,149633.0,252.337152,0.020764610711354353,,,
3,21,mBERT+Qwen Late fusion,4352,4352,,,,,,,,,,,0.9526972529297338,0.8138883703565428,0.8933968851266367,0.9532668684219902,0.787228866513885,0.7868184289144913,0.9032122519501924,0.9587585189447756,0.050793737173080444,0.10421458816772372,,,,,105.3242598999932,,839938.0,841.12384,0.0898257342134986,,,sum of measured independent branch costs; aggregation excluded
3,21,mBERT+Qwen MoE,4352,768,0.9367553790528125,0.7689976185321498,0.8661799547524602,0.9393417621340122,0.7374382053423658,0.7327604158462968,0.9002669256452001,0.9562777479896238,0.05700627714395523,0.09192984524892826,0.9463870569815439,0.8006351446718419,0.8848321806788471,0.9482326246920926,0.7733315253798503,0.7699018489828318,0.914299466505262,0.961848324093364,0.05074731260538101,0.08856033410689815,8.0,256.0,1024.0,0.45104217529296875,67.17752109997673,1156.56704,151171.0,252.337152,0.0210714570396032,252.337152,0.0,
3,42,DistilBERT+mBERT PCA-1024 full vocabulary diagnostic,1536,1024,0.9136387884535594,0.7139210681327312,0.8315320723399529,0.920073199981226,0.6805191059536979,0.6650200107949449,0.8957304547272502,0.9544074195533333,0.066513292491436,0.10170170662932486,0.9194382502253642,0.7264819587628866,0.8396222179058966,0.9248169350316124,0.6930970831031812,0.680681108309322,0.8966162160556991,0.9548990698726176,0.0626601055264473,0.09510787811943143,6.0,256.0,1024.0,0.46968740224838257,17.92326619999949,1286.860288,198785.0,221.712384,0.027148085590766566,,,
3,42,Llama-2+Qwen Averaging,7680,3584,0.9546559184399265,0.8213034337771549,0.8976684508758828,0.9551583496472028,0.7957077557624082,0.7953568934812011,0.9067714258189012,0.95746311648098,0.050412800163030624,0.0694462429776467,0.9595293447834132,0.8384163667361243,0.907642081673147,0.9597691074247,0.8153911013764972,0.8152892198958954,0.9125553139004715,0.9606792339232997,0.04671066626906395,0.06713245642512122,7.0,256.0,1024.0,0.4849686622619629,63.99181189999217,4043.951616,690305.0,1177.573376,0.07166986288310158,,,
3,42,Llama-2+Qwen Late fusion,7680,7680,,,,,,,,,,,0.9590074488779238,0.8366729678638941,0.906617733931947,0.9592862058333594,0.813376311983701,0.8132422252562046,0.9122575981919081,0.9658272628774911,0.042497556656599045,0.0833269408237902,,,,,430.01222450000205,,1478914.0,1261.68576,0.36207066470576765,,,sum of measured independent branch costs; aggregation excluded
3,42,Llama-2+Qwen MoE,7680,3584,0.9019619465354751,0.6863860447478195,0.8141428607889722,0.9103220630021596,0.6513122804800999,0.6312789440906104,0.8874208086526856,0.9599394527391749,0.05077984556555748,0.072812276900258,0.9048251648716611,0.6905276149336624,0.8171465165944383,0.9124906636864427,0.6545528239336721,0.6368501509614949,0.8854748193835853,0.9588861812040479,0.0484207458794117,0.06715601295994196,6.0,64.0,1024.0,0.45564693212509155,126.57968490000349,3114.924032,697475.0,1177.573376,0.07121157185606007,1177.573376,0.0,
3,42,mBERT+Qwen Averaging,4352,768,0.9288720289253749,0.7470489038785835,0.8528333697956956,0.9324711210619656,0.7134420984059564,0.7063699924322671,0.8949454584850989,0.951064961638156,0.058725059032440186,0.08470196865737936,0.9355695782132182,0.7684964200477327,0.8655367902707799,0.9386082765264132,0.73792686226398,0.7316227778914199,0.9056533169666117,0.9576180118949866,0.05301846191287041,0.08250119959575071,12.0,256.0,1024.0,0.4916500449180603,28.060092799947597,893.659648,149633.0,252.337152,0.020830279449962016,,,
3,42,mBERT+Qwen Late fusion,4352,4352,,,,,,,,,,,0.9532191488352232,0.8190161527165932,0.8960770296629335,0.9541039394705609,0.7932471178280527,0.7922149107787555,0.9119260381557726,0.9631877380514343,0.04732319340109825,0.09197727860046424,,,,,356.4189420999901,,839938.0,841.12384,0.2250894624476422,,,sum of measured independent branch costs; aggregation excluded
3,42,mBERT+Qwen MoE,4352,768,0.9391855847311955,0.7759825327510917,0.8703998803252064,0.9414801204733203,0.7451233317723076,0.7411255778992397,0.9018593646657136,0.9567492874360055,0.052172522991895676,0.07015693554214532,0.9489965365089909,0.8081384972336249,0.8893637686025857,0.9505264711644672,0.7815073287322425,0.7788976959980193,0.914962940097391,0.9616279044619654,0.04572365805506706,0.06651772342572085,11.0,256.0,1024.0,0.4779979884624481,93.24005670001497,1156.56704,151171.0,252.337152,0.021456331545094225,252.337152,0.0,
3,87,DistilBERT+mBERT PCA-1024 full vocabulary diagnostic,1536,1024,0.9174915535534349,0.7214885954381752,0.8365305487627837,0.9231376170560592,0.6876162536591344,0.674613899999069,0.8948385941591648,0.9537594542247981,0.06417614221572876,0.09629473986242026,0.9198178108839019,0.7267141009055628,0.8398652517316249,0.9250681703044973,0.6930048801986969,0.6811017637801361,0.8955125686499172,0.9557377437472631,0.062420204281806946,0.09300068535471673,6.0,256.0,1024.0,0.47529587149620056,17.771789700025693,1286.860288,198785.0,221.712384,0.026136608622997715,,,
3,87,Llama-2+Qwen Averaging,7680,3584,0.948728587517041,0.8034537605089752,0.8869864146943499,0.9498723278475977,0.7754790237003055,0.7740661932703861,0.9054497724693233,0.9592275537070681,0.05166367441415787,0.07736196631928813,0.953171703752906,0.8189323059988993,0.8960203856234858,0.9540677790723548,0.7931599965091513,0.7921031450669306,0.9120639940814953,0.960229920581556,0.047912489622831345,0.07440235357021588,6.0,256.0,1024.0,0.4508090615272522,55.07144889998017,4043.951616,690305.0,1177.573376,0.069505195234686,,,
3,87,Llama-2+Qwen Late fusion,7680,7680,,,,,,,,,,,0.9620913792285429,0.8483007404594646,0.9133199963852885,0.9622795547094687,0.8267157219623961,0.8266433129657562,0.9174822681717629,0.9675642099157662,0.040551308542490005,0.07765020721004282,,,,,177.08142959998804,,1478914.0,1261.68576,0.1461496655111989,,,sum of measured independent branch costs; aggregation excluded
3,87,Llama-2+Qwen MoE,7680,3584,0.9495584138462451,0.8052185854886702,0.8881232000741959,0.9505363059867536,0.7773796171052745,0.7763154260101941,0.9040692618365743,0.9567946995034838,0.053874626755714417,0.08879905455174356,0.9535512644114438,0.8160120278143206,0.8947163008780832,0.9539806894435799,0.7896883813107367,0.7894468095666435,0.9022142341984214,0.9545620614716134,0.051593851298093796,0.08279405745797883,5.0,64.0,1024.0,0.44951730966567993,103.64764149999246,3114.924032,697475.0,1177.573376,0.06954326042410117,1177.573376,0.0,
3,87,mBERT+Qwen Averaging,4352,768,0.9276865627407979,0.7450898453823652,0.8514784770495194,0.9315710625989548,0.7117750329179084,0.7037680683513795,0.896535059251395,0.9508803453652607,0.06218932941555977,0.09798938095583742,0.9343360060729705,0.7666891436277815,0.8642401601303835,0.9376961634948469,0.7366177558792443,0.7291447314847752,0.9082500450945772,0.9592144659826765,0.05755129083991051,0.09829984065810705,10.0,256.0,1024.0,0.4792799651622772,24.111323299992364,893.659648,149633.0,252.337152,0.02122219955411577,,,
3,87,mBERT+Qwen Late fusion,4352,4352,,,,,,,,,,,0.9513687906248517,0.8133988712907336,0.8927200024602382,0.9524488857354295,0.7869479849166524,0.785527729447831,0.9113655636140061,0.9637097933027619,0.04949807748198509,0.10355570566785985,,,,,128.4730348000303,,839938.0,841.12384,0.08693779000845889,,,sum of measured independent branch costs; aggregation excluded
3,87,mBERT+Qwen MoE,4352,768,0.9254341769901013,0.7405115511551155,0.8484865501328287,0.9297734010614005,0.707399565238365,0.6979642686299137,0.8977219685093262,0.9529360361298409,0.06424954533576965,0.10242938179323802,0.9354746880485838,0.7730307076101469,0.8677110841297236,0.9390054929992119,0.7448841415253118,0.7361743760368706,0.9158304882263122,0.9623631425852475,0.0570492148399353,0.10004580903842704,9.0,256.0,1024.0,0.4701167643070221,75.40049309999449,1156.56704,151171.0,252.337152,0.022334615932611823,252.337152,0.0,
3,101,DistilBERT+mBERT PCA-1024 full vocabulary diagnostic,1536,1024,0.9228854246932606,0.7362659639164808,0.8455532325743673,0.9278279998806217,0.7039179901115785,0.6923666758268707,0.9005937303450895,0.9595574237215124,0.05782771483063698,0.07994398379777999,0.9284053707833183,0.7503722084367246,0.8542910365067115,0.9325420077217212,0.7189575951619563,0.7095188368790163,0.903876786101895,0.9602748072058659,0.0553416833281517,0.07550768219646826,7.0,256.0,1024.0,0.45927542448043823,20.559823799994774,1286.860288,198785.0,221.712384,0.026177672345115945,,,
3,101,Llama-2+Qwen Averaging,7680,3584,0.9476616679509217,0.7988152198678514,0.8843665579119859,0.9487721974412698,0.7700860645520049,0.7688191799086577,0.9017512028521373,0.9588096978118845,0.052909668534994125,0.07986296000399958,0.9543103857285192,0.8211034738993126,0.8974571787380221,0.9549515873111188,0.7955120072663885,0.7949468125973388,0.909083093844425,0.9609040621552791,0.048686299473047256,0.07614768512199532,6.0,256.0,1024.0,0.4467611610889435,54.84928009996656,4043.951616,690305.0,1177.573376,0.06953342506097217,,,
3,101,Llama-2+Qwen Late fusion,7680,7680,,,,,,,,,,,0.9578213218199934,0.8350955295863476,0.9054568037725824,0.9584389066624498,0.8115745694394035,0.8109462549350466,0.9178517692067651,0.9644698505995967,0.04371366277337074,0.08138988101368425,,,,,229.83277720000478,,1478914.0,1261.68576,0.145406424063805,,,sum of measured independent branch costs; aggregation excluded
3,101,Llama-2+Qwen MoE,7680,3584,0.8992353743109478,0.6761904761904762,0.8082623025343789,0.9076899752505135,0.6384258770962319,0.6194916862023995,0.8786555497925479,0.9550597476840657,0.05410810559988022,0.0872736584575572,0.9006499976277459,0.6783410138248848,0.8097966992589803,0.9087829488924448,0.6403186420732148,0.6223607535624532,0.8781424640109506,0.9550099503362826,0.052076805382966995,0.08300304718754993,5.0,64.0,1024.0,0.4582613706588745,103.33548559999326,3114.924032,697475.0,1177.573376,0.06997697964646377,1177.573376,0.0,
3,101,mBERT+Qwen Averaging,4352,768,0.9455278288186829,0.785930584672723,0.8773620460461649,0.9461944205885208,0.7551603623969603,0.7547534403082905,0.8869383378729183,0.9461617882753178,0.050129301846027374,0.07538228589951086,0.9517009062010723,0.8082862523540489,0.8903281223772199,0.9521057244618498,0.7808644235963772,0.7806683704496917,0.8970331719328024,0.953201789841927,0.04510858282446861,0.07330940054197482,9.0,256.0,1024.0,0.5090523362159729,20.91616319998866,893.659648,149633.0,252.337152,0.021139773214631372,,,
3,101,mBERT+Qwen Late fusion,4352,4352,,,,,,,,,,,0.9500877734022869,0.8069724770642202,0.8891553754109244,0.9510391719503059,0.7794070987898573,0.778376711505602,0.9048590722199895,0.9593476285950318,0.05297061428427696,0.1084520958849003,,,,,164.97259599997778,,839938.0,841.12384,0.0869195331398498,,,sum of measured independent branch costs; aggregation excluded
3,101,mBERT+Qwen MoE,4352,768,0.9445794558710213,0.7882219705549264,0.8781700434832121,0.9458856782566196,0.7579980890201944,0.7564529928616716,0.897314881761573,0.9559160084349673,0.0482511930167675,0.06405906815367342,0.9511790102955828,0.8109498438361198,0.8914600489916891,0.9520843060502857,0.783961036674857,0.7829811021777895,0.9068017366226319,0.959586691200113,0.04247278347611427,0.06021078395992044,9.0,256.0,1024.0,0.4817825257778168,75.49244780000299,1156.56704,151171.0,252.337152,0.021459387009567923,252.337152,0.0,
4,13,DistilBERT+mBERT PCA-1024 full vocabulary diagnostic,1536,1024,0.9283770995978236,0.7511814259297308,0.8546746191446989,0.9325332314994654,0.719857405125923,0.7102972142131194,0.9045896915447829,0.9660676824331356,0.05597429722547531,0.07280668197519179,0.9283920193355765,0.7504541701073493,0.8543263187383511,0.9324925595853099,0.7188470365267474,0.7095733838375506,0.9033895370068681,0.9638869561921222,0.05572383850812912,0.07218835536486054,7.0,256.0,1024.0,0.42723217606544495,20.658950500015635,1286.828544,198785.0,221.712384,0.026224174209360667,,,
4,13,Llama-2+Qwen Averaging,7680,3584,0.9541637094866335,0.82382359627188,0.8987391428685776,0.9550986030477823,0.7987622314471685,0.7975479379266284,0.9160250912654064,0.9654264132808107,0.045399703085422516,0.07210914573387839,0.955499739348846,0.8269762299613046,0.9007212896917332,0.9562161858321756,0.8022381584225521,0.8014843806944145,0.9142525931911398,0.9666788324720951,0.04519791901111603,0.0704263361021442,7.0,256.0,1024.0,0.4083344638347626,65.07030839996878,4046.721536,690305.0,1181.401088,0.07085083645323259,,,
4,13,Llama-2+Qwen Late fusion,7680,7680,,,,,,,,,,,0.9627031894223023,0.8483914467347332,0.9135637490894493,0.9626074431840672,0.8271475398240423,0.8271283628785504,0.9114557767103815,0.9719195880307531,0.03841462731361389,0.07094984602557908,,,,,210.9751545000181,,1478914.0,1265.78688,0.143490118950943,,,sum of measured independent branch costs; aggregation excluded
4,13,Llama-2+Qwen MoE,7680,3584,0.933226874852141,0.7621655782599537,0.8616634764601223,0.9365164020046071,0.7308104556014978,0.7239520662975525,0.9034618573075961,0.9610138819096368,0.0631088986992836,0.10740912331742775,0.9378228519975357,0.774260151410874,0.8691031452300317,0.9404747341999574,0.743791779262076,0.7386364616917944,0.9051527951283199,0.9603893976041372,0.06103540584445,0.10395523188237155,5.0,64.0,1024.0,0.4305039048194885,104.41379010002129,3119.822848,697475.0,1181.401088,0.07248511918917144,1181.401088,0.0,
4,13,mBERT+Qwen Averaging,4352,768,0.9342914596640643,0.7621494326696638,0.8620148432862815,0.9371442508473992,0.7297549042726742,0.7245017921298345,0.8981236482333176,0.9547781055608489,0.05918169021606445,0.10254136907766956,0.9370172029761623,0.7665554189355349,0.8650767179314339,0.9392163182705592,0.7337972806647436,0.7304411454243966,0.8935100882628494,0.9535792117179491,0.05747225880622864,0.09575838967884122,8.0,256.0,1024.0,0.4548201560974121,18.876869099971373,895.046144,149633.0,253.157376,0.020975209705389124,,,
4,13,mBERT+Qwen Late fusion,4352,4352,,,,,,,,,,,0.9546466992085683,0.8178877259752616,0.8959928791459115,0.9547688483983997,0.7920072996565919,0.7919869250117433,0.8981425362887265,0.964703518562209,0.044968415051698685,0.0841321723343134,,,,,165.071314300003,,839938.0,843.85792,0.0885492061992025,,,sum of measured independent branch costs; aggregation excluded
4,13,mBERT+Qwen MoE,4352,768,0.9365389164892358,0.7713616023865332,0.8672589353140645,0.9394031318386801,0.7407959692806458,0.735012319937687,0.9055569868663693,0.9617226064195709,0.0559798888862133,0.08248378587260963,0.9381545898298659,0.774650319461233,0.8694047510629062,0.9407096948761362,0.7440356312088808,0.7392099347048536,0.9041908955724409,0.9633995437615829,0.05404302105307579,0.07945311010186833,9.0,256.0,1024.0,0.4362335503101349,75.17166330001783,1157.554176,151171.0,253.157376,0.020504734373360717,253.157376,0.0,
4,21,DistilBERT+mBERT PCA-1024 full vocabulary diagnostic,1536,1024,0.9307428436243198,0.7619434844480586,0.8607101233708612,0.9350129177343606,0.7335568920534606,0.7224635850350869,0.9153709435394305,0.9689347366110865,0.054507311433553696,0.07713283451674152,0.9312354864698356,0.7601256406017524,0.8599953293595988,0.935149624785685,0.7301634309650091,0.7208636291252524,0.9094523440475966,0.9654076266343312,0.05438252538442612,0.07458554274756929,8.0,256.0,1024.0,0.39810508489608765,23.31780040002195,1286.828544,198785.0,221.712384,0.026212151081975985,,,
4,21,Llama-2+Qwen Averaging,7680,3584,0.9353560444759877,0.7744996905302248,0.8683848516512493,0.939015278044639,0.7469904515732653,0.7375813350518503,0.9186186651440614,0.9675711229303857,0.06267888844013214,0.10653406441194514,0.9356902516468414,0.7716641426888776,0.8671194758509062,0.938951864613517,0.7422798455615345,0.7348785302303844,0.9110075233975987,0.9661978826941555,0.06122750788927078,0.10337819132346035,7.0,256.0,1024.0,0.3971939980983734,63.86555419996148,4046.721536,690305.0,1181.401088,0.06974074688613094,,,
4,21,Llama-2+Qwen Late fusion,7680,7680,,,,,,,,,,,0.9610445002606511,0.8433689024390244,0.9105625158403923,0.9611272941542314,0.8211387980252496,0.8211256551851105,0.9123183336961671,0.9720465004425467,0.040203455835580826,0.0718187932303749,,,,,192.22274359999574,,1478914.0,1265.78688,0.1457251694239137,,,sum of measured independent branch costs; aggregation excluded
4,21,Llama-2+Qwen MoE,7680,3584,0.879347054648687,0.6471809062608094,0.7872060627472985,0.8925479121977445,0.6148706586641478,0.5809803481946656,0.8854255035602889,0.9606849383163065,0.06751192361116409,0.11634584669634497,0.8834652386142837,0.6508590089450518,0.7904597954364327,0.8955126786503389,0.6160577509384872,0.5864575001606553,0.8810431756977749,0.9585228923933129,0.06638488918542862,0.11265957588080541,5.0,64.0,1024.0,0.43082529306411743,104.58676789997844,3119.822848,697475.0,1181.401088,0.07023400786784258,1181.401088,0.0,
4,21,mBERT+Qwen Averaging,4352,768,0.9187366926898509,0.7285657842749901,0.8403905641135679,0.9245170840772958,0.696811317469688,0.6824476759387232,0.9023685486082824,0.9582099311307394,0.06672807782888412,0.11064843478951243,0.9217098715700678,0.7304177545691906,0.8423114996719103,0.9265141809896719,0.6962043549626856,0.6857897115438334,0.8939851657266475,0.95558202297183,0.06392201036214828,0.1025259701445862,10.0,256.0,1024.0,0.44489824771881104,23.247291199979372,895.046144,149633.0,253.157376,0.02086302070772916,,,
4,21,mBERT+Qwen Late fusion,4352,4352,,,,,,,,,,,0.9504762807449884,0.8079397169637934,0.8897564257678792,0.9513254281421779,0.780398876223273,0.7795657083936735,0.9038212090587333,0.9624668193537389,0.04897858202457428,0.09168721795079267,,,,,150.32539559999714,,839938.0,843.85792,0.0920715274171273,,,sum of measured independent branch costs; aggregation excluded
4,21,mBERT+Qwen MoE,4352,768,0.942216702152827,0.7917288424642933,0.8790918890433055,0.9448156856180058,0.7645569655630138,0.7586307564823384,0.9184333684197903,0.9678115928181207,0.04907778277993202,0.07584427000158485,0.9431780484337235,0.7917318047594233,0.8794164580114856,0.945401226931892,0.7635833440835462,0.7591614644239324,0.9129777210408434,0.9671936593921089,0.04811718687415123,0.07213367528895293,15.0,256.0,1024.0,0.3944805860519409,128.14146660000551,1157.554176,151171.0,253.157376,0.021423046301321573,253.157376,0.0,
4,42,DistilBERT+mBERT PCA-1024 full vocabulary diagnostic,1536,1024,0.9216347291223089,0.7375717963953258,0.8457560375934984,0.9271437563089441,0.7072881219133823,0.6930785865462736,0.9077128504245384,0.9682955306094844,0.0591873973608017,0.07777970894716851,0.9211411781432159,0.7367921543815248,0.8452076713936609,0.9267929040667906,0.7068589717834527,0.692058001601099,0.9086261498395004,0.966428435754294,0.059513069689273834,0.07837558945599522,8.0,256.0,1024.0,0.41553425788879395,23.453257599961944,1286.828544,198785.0,221.712384,0.026199450261947737,,,
4,42,Llama-2+Qwen Averaging,7680,3584,0.9551691506978945,0.8251845018450185,0.89973607724544,0.9558217194913214,0.8001198166435817,0.7995065108356239,0.9118832839531102,0.9607910455132338,0.049660179764032364,0.0719454211547754,0.9545519169707597,0.8187488187488188,0.8963837019972047,0.9548057820455969,0.79286059055777,0.7927724558635076,0.9008842027292694,0.9598115183940142,0.04946903884410858,0.06831694500926264,6.0,256.0,1024.0,0.44635146856307983,54.84626520000165,4046.721536,690305.0,1181.401088,0.06941748258221377,,,
4,42,Llama-2+Qwen Late fusion,7680,7680,,,,,,,,,,,0.9553101748732288,0.8287011807447775,0.901502128645272,0.9562865583742874,0.8044883343846515,0.8030823246852155,0.9202292936714267,0.9734613345916173,0.043418414890766144,0.08614507350398182,,,,,661.2388535999926,,1478914.0,1265.78688,0.4059367802474115,,,sum of measured independent branch costs; aggregation excluded
4,42,Llama-2+Qwen MoE,7680,3584,0.8856162763189023,0.6547661549446626,0.7931093126747131,0.8971857833587823,0.6196873731511974,0.5913875787495617,0.8814172530205493,0.9559587113251113,0.06277018785476685,0.09619776776264485,0.8877778304345766,0.6534972197834358,0.7932720208847059,0.8984558541953105,0.6152780110402253,0.5909417834842254,0.87380106919616,0.9545910311224364,0.06194756180047989,0.09362883125197692,5.0,64.0,1024.0,0.4663161635398865,103.53715539997211,3119.822848,697475.0,1181.401088,0.06950102838742814,1181.401088,0.0,
4,42,mBERT+Qwen Averaging,4352,768,0.9270759403832506,0.7464528069093153,0.8519332732090872,0.9312869242224004,0.714208346691553,0.7048217458720338,0.9011818178653122,0.9573444716393499,0.06321964412927628,0.1065330160951393,0.92919766835695,0.7472936400541272,0.8530626370565484,0.9326563010251492,0.7133475863720365,0.706775967435606,0.8934885253738862,0.9547081874144396,0.0611489936709404,0.09944670175617383,9.0,256.0,1024.0,0.4453824460506439,20.7434801000054,895.046144,149633.0,253.157376,0.020996450406624685,,,
4,42,mBERT+Qwen Late fusion,4352,4352,,,,,,,,,,,0.9493388938912848,0.806725727716507,0.888787313696,0.9505405919182817,0.7792900775594515,0.7776792849212958,0.9085992531907794,0.9666592063075489,0.04792739078402519,0.08711071054317746,,,,,598.2450973999803,,839938.0,843.85792,0.2455430311368396,,,sum of measured independent branch costs; aggregation excluded
4,42,mBERT+Qwen MoE,4352,768,0.9456470309912467,0.7987738121305015,0.8836769672639242,0.9475501712677766,0.7711537416209188,0.7676038340034308,0.9136251311873729,0.9651067377473669,0.04979056492447853,0.08329173001406309,0.9479645514430596,0.8043478260869565,0.8871698135627458,0.9494953118390388,0.7770028723448662,0.7745066526621208,0.9120908980373628,0.9661957181198073,0.048240579664707184,0.07937183151140148,11.0,256.0,1024.0,0.39894694089889526,92.43201729998691,1157.554176,151171.0,253.157376,0.018023254820564744,253.157376,0.0,
4,87,DistilBERT+mBERT PCA-1024 full vocabulary diagnostic,1536,1024,0.9274899455878874,0.7494891704127503,0.8535496470969774,0.9318350305499801,0.7183463753397142,0.7081270995798559,0.9053135673178356,0.9669280324028137,0.05631309002637863,0.07680062375529133,0.9282024548599592,0.7489643744821872,0.853537679817199,0.932231557615154,0.7168172325979031,0.7079597297777349,0.9013079000335353,0.9636920616462489,0.05563543364405632,0.07385015413971907,7.0,256.0,1024.0,0.4155791997909546,20.645585799997207,1286.828544,198785.0,221.712384,0.026467612908881135,,,
4,87,Llama-2+Qwen Averaging,7680,3584,0.9493730778329784,0.8085011185682327,0.8896659480934941,0.9507267850677859,0.7815309428643133,0.7794655921021114,0.9122660628856076,0.9648138831733166,0.050300482660532,0.08313595261274957,0.9522771432633524,0.8148556719985292,0.893732000512498,0.9530882973928975,0.7883409030134936,0.787514041301564,0.9078089971309551,0.9657087199618704,0.04908820241689682,0.07968127357592392,6.0,256.0,1024.0,0.4049678146839142,54.9180015999591,4046.721536,690305.0,1181.401088,0.07018630396843792,,,
4,87,Llama-2+Qwen Late fusion,7680,7680,,,,,,,,,,,0.9579166864129662,0.8338323353293413,0.9048699361816819,0.9583274056823841,0.8100309867523078,0.809754248308731,0.9130004231794635,0.9719449415140295,0.04103577882051468,0.07486873689376344,,,,,218.58653030000278,,1478914.0,1265.78688,0.14426438557543492,,,sum of measured independent branch costs; aggregation excluded
4,87,Llama-2+Qwen MoE,7680,3584,0.9512065294535131,0.8150638870208473,0.8934798229176797,0.9524726490714357,0.7890417309987048,0.7870808243883193,0.9155676520661359,0.9615375998258701,0.04892561212182045,0.07351796280323661,0.9519454054310222,0.8141495601173021,0.8932773599312902,0.9528228948939137,0.7875684616005356,0.7866129992853529,0.9084419849540333,0.9626189920374736,0.04848961904644966,0.07093351977559934,6.0,64.0,1024.0,0.43472981452941895,124.52553480002098,3119.822848,697475.0,1181.401088,0.06959519454050175,1181.401088,0.0,
4,87,mBERT+Qwen Averaging,4352,768,0.9362431984859239,0.7708333333333334,0.8669019648255015,0.9391750303909367,0.7403314051252816,0.7343204864890015,0.9060033043937761,0.9590511969562339,0.05425192415714264,0.08753442365622406,0.9361641628358846,0.7655352480417754,0.8642938055498122,0.9386119485131843,0.7330124337465493,0.7289416045930489,0.8958190883972807,0.9575093123302648,0.053070079535245895,0.08183652238501828,12.0,256.0,1024.0,0.43970006704330444,27.63592799997423,895.046144,149633.0,253.157376,0.020782280461565644,,,
4,87,mBERT+Qwen Late fusion,4352,4352,,,,,,,,,,,0.9528932278091086,0.8137879355563882,0.8934119799309719,0.953330950625442,0.787082102700189,0.7868385360393633,0.900924480383053,0.9635541088695971,0.04490619897842407,0.07691486369491664,,,,,182.4965759999759,,839938.0,843.85792,0.0881133500783231,,,sum of measured independent branch costs; aggregation excluded
4,87,mBERT+Qwen MoE,4352,768,0.9402649633309675,0.7848317000426076,0.8750750080461647,0.9429656443015022,0.7565450132690836,0.7506171091428886,0.914244173114335,0.9631776273483007,0.052360899746418,0.08113489110971951,0.9429884839581063,0.7909643788010425,0.8789787734815155,0.9452116806011419,0.7626711276227078,0.7582849261291036,0.9123761868651142,0.9662910111752107,0.05012587457895279,0.07784231212351155,12.0,256.0,1024.0,0.4202018082141876,101.76090290001594,1157.554176,151171.0,253.157376,0.020902687075612006,253.157376,0.0,
4,101,DistilBERT+mBERT PCA-1024 full vocabulary diagnostic,1536,1024,0.9231133191388692,0.7404153354632588,0.8476444908363225,0.9283136921815657,0.70981313958054,0.696702557222824,0.9069164420088951,0.9658083379399622,0.060139913111925125,0.0868505025370633,0.9238898630396664,0.7411347517730497,0.8482605810645902,0.9288752933208992,0.7100512602662277,0.6978259202900512,0.9052608892071423,0.9633359425602753,0.05968406796455383,0.0860405509829702,7.0,256.0,1024.0,0.41654565930366516,20.5020027999999,1286.828544,198785.0,221.712384,0.026532955784644582,,,
4,101,Llama-2+Qwen Averaging,7680,3584,0.9399101017269932,0.783737760749255,0.8744226271978983,0.942645450785948,0.7553255912740382,0.7493218853216583,0.9138366363731667,0.964870265214157,0.05902702361345291,0.09646459937178045,0.9436045685038624,0.7924659923264736,0.8799173221476615,0.9457265096852494,0.7642159617183814,0.7601353464515412,0.9120699047732282,0.9646832813455739,0.05766692012548447,0.09352104669378286,7.0,256.0,1024.0,0.4133423864841461,63.88384450000012,4046.721536,690305.0,1181.401088,0.06943624946751535,,,
4,101,Llama-2+Qwen Late fusion,7680,7680,,,,,,,,,,,0.9609971091417469,0.845271667606693,0.9114789322497853,0.9613014598677969,0.8231455598682909,0.822966355190853,0.9180472473760491,0.9723438446030326,0.041298333555459976,0.0807411552069954,,,,,248.75226259996998,,1478914.0,1265.78688,0.14789039381885832,,,sum of measured independent branch costs; aggregation excluded
4,101,Llama-2+Qwen MoE,7680,3584,0.8960846936361486,0.6726290292528414,0.8054346945975972,0.9053452732104015,0.6360430741193168,0.6143800470604655,0.8814455891062547,0.9562516142542568,0.057136427611112595,0.0946440649403271,0.8992938723283257,0.6732277410425958,0.8068511320692404,0.9074058842663918,0.633585103299149,0.6164136516854044,0.8731361305986094,0.9563248966027369,0.05604428052902222,0.08996089909084996,5.0,64.0,1024.0,0.4516472816467285,104.82411290000891,3119.822848,697475.0,1181.401088,0.07028844604410966,1181.401088,0.0,
4,101,mBERT+Qwen Averaging,4352,768,0.9334634492547906,0.7667426912709931,0.8639701108546873,0.9371149403498726,0.7374185380950999,0.7287224811943347,0.9117978888552337,0.9658031317080606,0.05447454750537872,0.08174924289171812,0.9376806786408227,0.7744038428546921,0.8691253261506298,0.9404054755869691,0.7441372411566313,0.7387047358236698,0.9062228612607268,0.9624653693996299,0.051861051470041275,0.07439739178428491,15.0,256.0,1024.0,0.41560521721839905,34.38545130001148,895.046144,149633.0,253.157376,0.020841675747996644,,,
4,101,mBERT+Qwen Late fusion,4352,4352,,,,,,,,,,,0.9461636889246955,0.7957569219705142,0.8823762775791435,0.9475593849062572,0.7667867456207106,0.7648859226605347,0.9038272574387307,0.9640351829293174,0.05223380774259567,0.1059607214569653,,,,,195.7672013999836,,839938.0,843.85792,0.0922899199085517,,,sum of measured independent branch costs; aggregation excluded
4,101,mBERT+Qwen MoE,4352,768,0.9502602318429146,0.8109687570240504,0.8911655853087699,0.9514981885605815,0.7842341362528787,0.7824446008681146,0.912157263921722,0.9645866464632633,0.042952779680490494,0.05976453371723196,0.9528458366902043,0.8159792861105973,0.8944687842429601,0.9535339821408695,0.789581871652023,0.7889738708169605,0.9064889381965346,0.9648124411862364,0.041641443967819214,0.05520853410664256,12.0,256.0,1024.0,0.4229317903518677,101.30479749996448,1157.554176,151171.0,253.157376,0.021756376475543293,253.157376,0.0,
5,13,DistilBERT+mBERT PCA-1024 full vocabulary diagnostic,1536,1024,0.9268856736242884,0.7516616314199396,0.8543970292481959,0.9315947854910605,0.7220403741538511,0.7100074261976975,0.9111750287396723,0.964534643452317,0.055445559322834015,0.08351298476537546,0.9256885090218424,0.7518630093546853,0.8540818969929822,0.9310615531156503,0.7251881653443721,0.7097385781048573,0.9197751895991333,0.9755741728477374,0.0567755326628685,0.09057579234256588,7.0,256.0,1024.0,0.4176514744758606,20.56650279997848,1286.872576,198785.0,221.712384,0.02744068376253848,,,
5,13,Llama-2+Qwen Averaging,7680,3584,0.9484108159392789,0.808454425363276,0.8893228064594767,0.9500891801105117,0.7819508414030983,0.778849975496911,0.9173243365064137,0.9659340710107681,0.04998687654733658,0.08550220850256027,0.9478157644824311,0.8122330428839911,0.8909650062904804,0.9502569787324044,0.7889916322576981,0.7823671928670792,0.9333884073672806,0.9789091695141261,0.04957310110330582,0.09378075693280272,7.0,256.0,1024.0,0.3985092043876648,64.2304680000525,4054.449664,690305.0,1188.784128,0.07005117758768031,,,
5,13,Llama-2+Qwen Late fusion,7680,7680,,,,,,,,,,,0.9674738841405508,0.8734527988176611,0.9273957540278406,0.9680194610379758,0.8556969754086547,0.8548246566525289,0.9424539544962081,0.9828055046253855,0.03624935448169708,0.07943501020591541,,,,,230.29229649997433,,1478914.0,1273.6972799999999,0.1497455413111331,,,sum of measured independent branch costs; aggregation excluded
5,13,Llama-2+Qwen MoE,7680,3584,0.9546370967741935,0.8236920949527541,0.8988309738093587,0.9552920668401281,0.7982996496928116,0.7976962294637749,0.9108493813733842,0.963542840461737,0.046019043773412704,0.07335646855940889,0.956315289648623,0.835538076510547,0.9051752694330646,0.9576180937327384,0.8131769690429391,0.8104945147164284,0.9316278439869989,0.9778111613467788,0.044386349618434906,0.08244408423864659,6.0,64.0,1024.0,0.4174729585647583,124.71068179997383,3137.143808,697475.0,1188.784128,0.06962637227138722,1188.784128,0.0,
5,13,mBERT+Qwen Averaging,4352,768,0.9353059772296015,0.768414349395033,0.8654078501636225,0.9382910120314811,0.737391902635758,0.7313450759112055,0.9045199337540215,0.9581185180667091,0.05646039918065071,0.10381383591365119,0.938366571699905,0.7809652379345258,0.872551470158068,0.9415238178819701,0.7533859059487038,0.7457277876397266,0.9175893824485374,0.9725071568464039,0.05436486750841141,0.10809846594434405,10.0,256.0,1024.0,0.4312589466571808,23.54756749997614,896.07424,149633.0,254.739456,0.02073140076166134,,,
5,13,mBERT+Qwen Late fusion,4352,4352,,,,,,,,,,,0.9583570750237417,0.8418965206417883,0.9089585411291408,0.959462038039369,0.8201537774127217,0.818025089210922,0.9324620801733479,0.9770254708725727,0.043922945857048035,0.10073569493539851,,,,,175.90803009999217,,839938.0,849.13152,0.09245932573613559,,,sum of measured independent branch costs; aggregation excluded
5,13,mBERT+Qwen MoE,4352,768,0.9287832068311196,0.7528298003704466,0.8556140411322599,0.9328484990861082,0.7214196996592812,0.7121410444163475,0.9046848250394912,0.9599276539485,0.06240776553750038,0.10873736283764865,0.9322886989553656,0.7691809647134995,0.864752966358753,0.9367269429064131,0.7434599444004796,0.730666094604741,0.9243661971830985,0.9748589778314859,0.05928191542625427,0.11315942069971961,10.0,256.0,1024.0,0.4295269250869751,84.60214259999339,1161.869312,151171.0,254.739456,0.030434472935896895,254.739456,0.0,
5,21,DistilBERT+mBERT PCA-1024 full vocabulary diagnostic,1536,1024,0.9407020872865275,0.787052810902896,0.8763040301414453,0.9433694624345487,0.7589688025745582,0.7530681400736203,0.9153792396185687,0.9647182239244332,0.046257395297288895,0.06266379536286817,0.9389363722697056,0.7872270019854402,0.8757900172362061,0.9424856213139434,0.7625248835679811,0.7523889665402059,0.9286538461538462,0.9773457371447619,0.04726569354534149,0.0715403211258833,8.0,256.0,1024.0,0.4262337386608124,23.640493500046432,1286.872576,198785.0,221.712384,0.025671405509001058,,,
5,21,Llama-2+Qwen Averaging,7680,3584,0.954696394686907,0.8240442192538001,0.8990227221634821,0.9553633049950458,0.7987089345744942,0.7980810508282815,0.911292623621943,0.9631024573195189,0.05060167610645294,0.08189173091571439,0.9557454890788224,0.8333929209867715,0.903938425121322,0.9570652862596872,0.810696977533593,0.8080227040388166,0.9303114842903575,0.9754748312359363,0.04974987730383873,0.09089761422513669,6.0,256.0,1024.0,0.42171511054039,54.95559339999454,4054.449664,690305.0,1188.784128,0.06989434947735557,,,
5,21,Llama-2+Qwen Late fusion,7680,7680,,,,,,,,,,,0.9657644824311491,0.8674875941922441,0.9239152848684169,0.9664102124146704,0.848973116428019,0.847874842732892,0.9408179848320694,0.9819598195682974,0.038900330662727356,0.09013750250508758,,,,,228.98952410000493,,1478914.0,1273.6972799999999,0.1500528252619236,,,sum of measured independent branch costs; aggregation excluded
5,21,Llama-2+Qwen MoE,7680,3584,0.9621086337760911,0.8462093862815885,0.9123009194282863,0.9619636274474367,0.8246463225799411,0.8246037930035897,0.9091792755948491,0.962170275580376,0.04754265025258064,0.07301222838958868,0.9609211775878442,0.8485183140069943,0.9130426497938589,0.9616350508185345,0.8271353260814981,0.8261326559089024,0.9289680390032502,0.9743876573047754,0.048532821238040924,0.08349099209892995,6.0,64.0,1024.0,0.4394710958003998,127.12383850000333,3137.143808,697475.0,1188.784128,0.07046331434100707,1188.784128,0.0,
5,21,mBERT+Qwen Averaging,4352,768,0.9382115749525617,0.7743611953226505,0.8692829679808031,0.9406093853861702,0.7431639305423063,0.7389183874513623,0.9016756883048143,0.9561870059722694,0.05446590483188629,0.0940485005146573,0.9424976258309592,0.7945019514678432,0.8805369226795698,0.9453286911229689,0.7687974981047936,0.7616101177963074,0.9244068255687974,0.9732869405783815,0.051300738006830215,0.09919418661907344,11.0,256.0,1024.0,0.4446040093898773,25.753810900030658,896.07424,149633.0,254.739456,0.021242521367042883,,,
5,21,mBERT+Qwen Late fusion,4352,4352,,,,,,,,,,,0.9546058879392213,0.8303159389421371,0.9020570540514555,0.9560843135782262,0.8074867315098301,0.80429343348312,0.9309832069339111,0.9748073276939745,0.050494395196437836,0.12034193165759502,,,,,180.47612780000782,,839938.0,849.13152,0.0902834710354274,,,sum of measured independent branch costs; aggregation excluded
5,21,mBERT+Qwen MoE,4352,768,0.953688330170778,0.821730198584798,0.8975587988187561,0.9545381644594532,0.7961531457939468,0.7951745052880088,0.9129686737571643,0.962171616291259,0.044579826295375824,0.07226153831523394,0.9580721747388414,0.8417279082272808,0.908781635622083,0.959278887116934,0.8202066757031782,0.8176917253561515,0.9344474539544962,0.9792285919659971,0.04065816104412079,0.07773355673344103,11.0,256.0,1024.0,0.4172269403934479,93.05458930000896,1161.869312,151171.0,254.739456,0.021099268756400006,254.739456,0.0,
5,42,DistilBERT+mBERT PCA-1024 full vocabulary diagnostic,1536,1024,0.9271821631878557,0.7547923322683706,0.8560173360506198,0.9320801472418356,0.7266646632194561,0.7133616565917128,0.9162569368058024,0.966652401287496,0.05778169631958008,0.09764255620044368,0.9230769230769231,0.747584917419757,0.8511046541050944,0.9290639619792375,0.7222215397472191,0.7041249340470532,0.9229117009750812,0.9775989561630135,0.058908622711896896,0.10398656803997831,7.0,256.0,1024.0,0.39578884840011597,20.809768100036308,1286.872576,198785.0,221.712384,0.027027568852410415,,,
5,42,Llama-2+Qwen Averaging,7680,3584,0.8811669829222012,0.6480505795574288,0.7882829768729571,0.8936568465825381,0.6132700507739495,0.5824669882185498,0.8807727456931843,0.9550142393187664,0.06968545913696289,0.13453746154534135,0.8781101614434947,0.6496519721577726,0.7879363818481502,0.8920764928495458,0.6214953507901997,0.5832683631728419,0.8941224268689058,0.970560692557713,0.0706234723329544,0.14257224802023327,5.0,256.0,1024.0,0.45545706152915955,46.13773499999661,4054.449664,690305.0,1188.784128,0.0704404938257815,,,
5,42,Llama-2+Qwen Late fusion,7680,7680,,,,,,,,,,,0.9663342830009497,0.8682401040698755,0.9244709053515767,0.9668175581686602,0.849598603046102,0.8489668394518213,0.937177681473456,0.9820966851404284,0.039541423320770264,0.09197193242207961,,,,,493.7621588999973,,1478914.0,1273.6972799999999,0.4053962678059102,,,sum of measured independent branch costs; aggregation excluded
5,42,Llama-2+Qwen MoE,7680,3584,0.8859701138519924,0.653451072265273,0.7926043820817475,0.8971674004637663,0.6163943264494547,0.5900367316887678,0.8769649975602293,0.9546340750942826,0.06535641849040985,0.11530182136627412,0.8865622032288699,0.6612788884162768,0.7965760797914503,0.898466557246828,0.6300162849095281,0.5987230239324144,0.8910130010834236,0.9682421555962997,0.06491861492395401,0.12148755160872342,5.0,64.0,1024.0,0.4651661813259125,105.16325379995396,3137.143808,697475.0,1188.784128,0.07052026590768422,1188.784128,0.0,
5,42,mBERT+Qwen Averaging,4352,768,0.9434890891840607,0.7886449323575072,0.8780145843210583,0.9451690097054344,0.758713787840605,0.7562151115943576,0.9026420339417598,0.954768162335729,0.05034114047884941,0.08247381816812538,0.9445394112060779,0.7970107751129649,0.8824464313886333,0.946786863892532,0.7700259288382794,0.7652371995612838,0.9176408450704225,0.9696848904075339,0.04886332526803017,0.0874461868181754,11.0,256.0,1024.0,0.4562365710735321,26.067138299986254,896.07424,149633.0,254.739456,0.021994686609771764,,,
5,42,mBERT+Qwen Late fusion,4352,4352,,,,,,,,,,,0.954985754985755,0.8291891891891892,0.9016331507881958,0.9561897144615221,0.8055100095197423,0.8033849699142235,0.924921451787649,0.9762670118343195,0.04785817861557007,0.10592472433233731,,,,,382.7934010999743,,839938.0,849.13152,0.24428064577399322,,,sum of measured independent branch costs; aggregation excluded
5,42,mBERT+Qwen MoE,4352,768,0.9299098671726755,0.7541597337770383,0.8566441822412163,0.9336533693224581,0.7221311162945292,0.7140686623726673,0.9020530257292434,0.9585917082427033,0.06502878665924072,0.11934653467404174,0.9331433998100664,0.7695581014729951,0.8652289257712101,0.9372773243167796,0.7427400545047466,0.7314685314685314,0.9207231852654388,0.9724258479873323,0.06345757097005844,0.12402217603294782,8.0,256.0,1024.0,0.4332587718963623,67.43780539999716,1161.869312,151171.0,254.739456,0.02085131528981451,254.739456,0.0,
5,87,DistilBERT+mBERT PCA-1024 full vocabulary diagnostic,1536,1024,0.9311551233396584,0.762625230014312,0.861182226964017,0.9352402360571539,0.733572215022691,0.7233229267092699,0.9134080392513626,0.9642285575424063,0.0542597770690918,0.08480953252898615,0.9307217473884141,0.7647912300499758,0.862084898651126,0.9353554392026096,0.7386902315804305,0.7254096932267307,0.9228114842903575,0.9764698308192349,0.054217953234910965,0.09152748726807175,7.0,256.0,1024.0,0.41407284140586853,20.75701659999322,1286.872576,198785.0,221.712384,0.026876661917774037,,,
5,87,Llama-2+Qwen Averaging,7680,3584,0.958076375711575,0.8332153809860816,0.904620169722584,0.9582753809932766,0.8093087857102645,0.8092437103859269,0.9085145414471563,0.9611237618938824,0.04733884334564209,0.08366101389252482,0.9591642924976258,0.8430083972252647,0.9097690313182707,0.9600455582278185,0.8210045773493332,0.8196075181661393,0.9286267605633802,0.9758318297358114,0.04648107290267944,0.09175657248469417,6.0,256.0,1024.0,0.4217633605003357,55.07268769998336,4054.449664,690305.0,1188.784128,0.06984258784502585,,,
5,87,Llama-2+Qwen Late fusion,7680,7680,,,,,,,,,,,0.9660493827160493,0.8682513359130275,0.9243826652039451,0.9666544070156239,0.8497840498772677,0.8488044548058071,0.9403196099674973,0.9823348091507625,0.034727856516838074,0.0772755075773226,,,,,203.52625330002047,,1478914.0,1273.6972799999999,0.1503469800560647,,,sum of measured independent branch costs; aggregation excluded
5,87,Llama-2+Qwen MoE,7680,3584,0.9501304554079696,0.8118147236518237,0.8915357154948684,0.9514399142991298,0.7852031136958246,0.7831986499046129,0.9138029512955597,0.9607364579801179,0.052010126411914825,0.08710469349386414,0.9479582146248813,0.8101835815725666,0.8900144782897225,0.9501340424841238,0.7855878645765678,0.7803737624129793,0.927191224268689,0.974588080256688,0.05203497037291527,0.0961351453272249,6.0,64.0,1024.0,0.4352797567844391,124.73114000004716,3137.143808,697475.0,1188.784128,0.07048050332308109,1188.784128,0.0,
5,87,mBERT+Qwen Averaging,4352,768,0.942896110056926,0.7896001747869784,0.87828264373804,0.9449207038986099,0.7604373351722419,0.7568354265409656,0.9082395503378462,0.9594914060109335,0.05015582963824272,0.08249980026440326,0.9457739791073124,0.8040494166094715,0.886291213319615,0.9482263935581182,0.7790993915896266,0.7730056833240083,0.9266061755146262,0.9730059796649722,0.047363534569740295,0.08684172554283004,14.0,256.0,1024.0,0.43315547704696655,34.891663199989125,896.07424,149633.0,254.739456,0.02080009971499436,,,
5,87,mBERT+Qwen Late fusion,4352,4352,,,,,,,,,,,0.955318138651472,0.8317539781870195,0.9029961064587464,0.9566475857744915,0.8087940466237713,0.8061387735170014,0.9292416034669555,0.9749430473372781,0.045810624957084656,0.1039266310745438,,,,,148.40607670001918,,839938.0,849.13152,0.0936153513767003,,,sum of measured independent branch costs; aggregation excluded
5,87,mBERT+Qwen MoE,4352,768,0.9436076850094877,0.7898342541436464,0.8786345533636426,0.9453611539160495,0.7602188920001556,0.7574726248937805,0.9045519815900689,0.9558696936278566,0.05490102246403694,0.09748892404670977,0.9452516619183285,0.8004845128915037,0.884378631339123,0.9475581526391819,0.7743476236832281,0.7691258012602622,0.921351570964247,0.9717125072922744,0.05277170240879059,0.10271024885503371,8.0,256.0,1024.0,0.4450996518135071,67.09031689999392,1161.869312,151171.0,254.739456,0.020800588792013068,254.739456,0.0,
5,101,DistilBERT+mBERT PCA-1024 full vocabulary diagnostic,1536,1024,0.9350094876660342,0.7682875264270613,0.8652459081890462,0.9381026808223404,0.7375144301011686,0.7310593502870106,0.9057834972252776,0.9602867060148619,0.05354651063680649,0.09116821520331367,0.9333333333333333,0.7673956262425448,0.8642432072017512,0.9371778052080671,0.7390142501648584,0.729354872488077,0.9150487540628386,0.9721596903908659,0.05461038649082184,0.09813967032255454,6.0,256.0,1024.0,0.4319075047969818,18.004325000045355,1286.872576,198785.0,221.712384,0.026440422601996968,,,
5,101,Llama-2+Qwen Averaging,7680,3584,0.953806925996205,0.8234760933605257,0.8984513333935495,0.9547894644240571,0.7983045392639859,0.796979314819467,0.9165161624473795,0.9640356405535384,0.04971589148044586,0.07969067540272462,0.9543684710351377,0.8317871521092246,0.9026955646831727,0.956095727238862,0.8100087302389097,0.8056370523329995,0.9369609967497292,0.979054004500375,0.04859736189246178,0.08843826180631746,7.0,256.0,1024.0,0.4153612554073334,63.9669066000497,4054.449664,690305.0,1188.784128,0.0705352849020788,,,
5,101,Llama-2+Qwen Late fusion,7680,7680,,,,,,,,,,,0.9584045584045584,0.8436830835117773,0.9098467997249982,0.9596737958855718,0.8226820047748216,0.8198372959852124,0.9372806067172263,0.9817398116509709,0.04609192535281181,0.10599009173127123,,,,,176.58694690000266,,1478914.0,1273.6972799999999,0.1582777018048879,,,sum of measured independent branch costs; aggregation excluded
5,101,Llama-2+Qwen MoE,7680,3584,0.8859701138519924,0.6581333333333333,0.7948532374954038,0.8975877385355934,0.6240727547211488,0.5949679386237668,0.8847433175092836,0.9592097598066378,0.06195871904492378,0.11077293505816169,0.8819563152896486,0.655583264062067,0.7921776271029491,0.8950449869238603,0.6265100417014728,0.5909672596679247,0.8940032502708559,0.9720487436453039,0.06322912126779556,0.11980675440679629,5.0,64.0,1024.0,0.4355194568634033,105.86885800003074,3137.143808,697475.0,1188.784128,0.06970733143579382,1188.784128,0.0,
5,101,mBERT+Qwen Averaging,4352,768,0.9419473434535104,0.7810333258778797,0.8737856242131647,0.9434818483892045,0.749661372340328,0.7477213739039613,0.8952115880839943,0.9541092110132906,0.053784169256687164,0.09325820100635106,0.9429249762583096,0.7891967730620835,0.878095558259308,0.9450440261238846,0.7604293966333141,0.7564866365532662,0.9096153846153847,0.9666504812901076,0.05231055989861488,0.09767736490720358,8.0,256.0,1024.0,0.46421459317207336,19.30111299996497,896.07424,149633.0,254.739456,0.020553665717109395,,,
5,101,mBERT+Qwen Late fusion,4352,4352,,,,,,,,,,,0.9508072174738842,0.8163771712158809,0.8939882456770232,0.9524360918761551,0.7914159841427546,0.7881775637239311,0.9228683640303359,0.9751305837986498,0.05391969904303551,0.12531952940330887,,,,,120.6619800000044,,839938.0,849.13152,0.099115180436381,,,sum of measured independent branch costs; aggregation excluded
5,101,mBERT+Qwen MoE,4352,768,0.9510792220113852,0.8141473304798378,0.8929898795183169,0.95223399606336,0.7876973406028785,0.7860801409157556,0.9129118146932091,0.9615058483424034,0.04358183592557907,0.0630135404752776,0.9571225071225071,0.8402618078896161,0.9077498470988925,0.9585741729231625,0.8191926143736903,0.8156831715104338,0.938366738894908,0.9805187932327695,0.038965001702308655,0.06949475193466965,13.0,256.0,1024.0,0.43361836671829224,109.57715129997814,1161.869312,151171.0,254.739456,0.021746543208216756,254.739456,0.0,
