dataset,reference,comparison,mcc_difference,ci_low,ci_high
ExAIS_SMS,mBERT+Qwen validation-selected PCA,mBERT,0.11545655030638102,0.08307375702414795,0.15070003016974154
ExAIS_SMS,mBERT+Qwen validation-selected PCA,Qwen2.5 raw,0.028701031527904097,0.011309879665413632,0.04701065841193464
ExAIS_SMS,mBERT+Qwen validation-selected PCA,mBERT+Qwen concat no PCA,0.011903700928473593,-0.004265281581194394,0.026772607509630567
ExAIS_SMS,mBERT+Qwen validation-selected PCA,Character TF-IDF + logistic regression,0.01798700410595927,-0.007865322644731871,0.04547580789877524
TurkishSMSCollection,mBERT+Qwen validation-selected PCA,mBERT,0.023886718009171415,0.004858673257342831,0.042819004220792156
TurkishSMSCollection,mBERT+Qwen validation-selected PCA,Qwen2.5 raw,-0.052739561659760625,-0.068249053754143,-0.03732889307568466
TurkishSMSCollection,mBERT+Qwen validation-selected PCA,mBERT+Qwen concat no PCA,-0.07316211387491817,-0.0858096100731846,-0.06027044206145825
TurkishSMSCollection,mBERT+Qwen validation-selected PCA,Character TF-IDF + logistic regression,0.023719131792522996,0.0029325661794713355,0.04337013682069814
YouTubeSpamCollection,mBERT+Qwen validation-selected PCA,mBERT,-0.11106042343846495,-0.16705590635244852,-0.05733434707074461
YouTubeSpamCollection,mBERT+Qwen validation-selected PCA,Qwen2.5 raw,-0.13293402905600432,-0.1724618169461829,-0.09289932748126432
YouTubeSpamCollection,mBERT+Qwen validation-selected PCA,mBERT+Qwen concat no PCA,-0.09340970070226912,-0.12330128670593896,-0.0635015537232869
YouTubeSpamCollection,mBERT+Qwen validation-selected PCA,Character TF-IDF + logistic regression,-0.06356603457722859,-0.10871978049180528,-0.019348378379251945
SpamAssassinPublicCorpus,mBERT+Qwen validation-selected PCA,mBERT,0.12659356563805912,0.10234300842137033,0.15280977355169928
SpamAssassinPublicCorpus,mBERT+Qwen validation-selected PCA,Qwen2.5 raw,0.15760732777519984,0.13684372073040568,0.17913618981815946
SpamAssassinPublicCorpus,mBERT+Qwen validation-selected PCA,mBERT+Qwen concat no PCA,0.05331279746668954,0.0362095449030155,0.07137004735679998
SpamAssassinPublicCorpus,mBERT+Qwen validation-selected PCA,Character TF-IDF + logistic regression,-0.02547114681542345,-0.04770852681543832,-0.004197200261487543
