dataset,configuration,models,accuracy,spam_f1,macro_f1,weighted_f1,mcc,cohen_kappa,balanced_accuracy,roc_auc,brier,ece_15,tn,fp,fn,tp
ExAIS_SMS,mBERT,25,0.6743070362473348,0.5044606650446066,0.6309520474885597,0.6608892403484292,0.2791753343496069,0.27119644142414245,0.6283856675014449,0.6987189366210749,0.2287125587463379,0.1306950807837503,1908,412,810,622
ExAIS_SMS,Qwen2.5 raw,25,0.6908315565031983,0.6233766233766234,0.6805852375472629,0.6941250161676061,0.3659308531280838,0.3633504030257356,0.6869196686572914,0.7366267939703333,0.2352859377861023,0.17367311836138907,1632,688,472,960
ExAIS_SMS,mBERT+Qwen concat no PCA,25,0.6910980810234542,0.6403971455165994,0.6848330039659615,0.6953498062855332,0.3827281837275143,0.37549933422103854,0.6967576093238297,0.7476214842997495,0.24487166106700897,0.20235795579723587,1561,759,400,1032
ExAIS_SMS,mBERT+Qwen validation-selected PCA,25,0.7092217484008528,0.6345058626465662,0.6965403842996053,0.7112223286567212,0.3946318846559879,0.3937387957928462,0.7000529763051435,0.7442377733095743,0.2374110370874405,0.1907455810576058,1714,606,485,947
ExAIS_SMS,Character TF-IDF + logistic regression,5,0.7132196162046909,0.5918057663125948,0.6853852167635284,0.7075330184693996,0.37664488055002865,0.3733092249382802,0.6809670583702562,0.7594603339915238,0.2056182239072579,0.1303641880659904,1896,424,652,780
TurkishSMSCollection,mBERT,25,0.6287170773152082,0.4738109572546659,0.5934857214891642,0.5855548535110072,0.39904071111355177,0.28832827037905406,0.6510859201954693,0.8211743562601278,0.2603287398815155,0.27652351757054144,2173,25,1723,787
TurkishSMSCollection,Qwen2.5 raw,25,0.6756584536958369,0.5658231447256185,0.6534828556311598,0.6476736309492294,0.4756669907824838,0.3750168653180903,0.69547741699263,0.8380024034888653,0.2387046366930008,0.25608409203576304,2186,12,1515,995
TurkishSMSCollection,mBERT+Qwen concat no PCA,25,0.7022090059473237,0.6259338313767343,0.6892901337547045,0.6850915002921032,0.49608954299764135,0.4225599134410608,0.7188791694006504,0.8023963291510936,0.23126757144927979,0.23077859824915803,2133,65,1337,1173
TurkishSMSCollection,mBERT+Qwen validation-selected PCA,25,0.6548428207306712,0.5392685001417635,0.6316651551481445,0.6255420123354871,0.4229274291227232,0.33472617205761224,0.6744285823040866,0.7142586161269391,0.28173404932022095,0.27566589134727093,2132,66,1559,951
TurkishSMSCollection,Character TF-IDF + logistic regression,5,0.6231945624468989,0.4558282208588957,0.5838270409037818,0.5753445362618946,0.3992082973302002,0.2789489496748706,0.6464156114395919,0.9514036664987005,0.22677474130889314,0.28829819336031676,2191,7,1767,743
YouTubeSpamCollection,mBERT,25,0.6427289048473968,0.4822202948829141,0.6047465110778207,0.6127389452880211,0.30023938233529796,0.25862979981406053,0.625167963860795,0.7369549267001395,0.24846085906028748,0.20311919397789874,796,94,503,278
YouTubeSpamCollection,Qwen2.5 raw,25,0.6385397965290245,0.41811175337186895,0.5779794877970456,0.5884077242137686,0.3221129879528373,0.2428840625806412,0.6164525457135047,0.7360133220158541,0.2670648694038391,0.2365745718026325,850,40,564,217
YouTubeSpamCollection,mBERT+Qwen concat no PCA,25,0.6313584679832436,0.4420289855072464,0.5833916151843649,0.5926127561986114,0.2825886595991021,0.23198667719200328,0.6118279647239926,0.6550252485289674,0.29062333703041077,0.25581564835397014,811,79,537,244
YouTubeSpamCollection,mBERT+Qwen validation-selected PCA,25,0.5882704967085578,0.31610337972166996,0.5107914158882323,0.5234909945490075,0.189178958896833,0.13532735247928662,0.5647139219381663,0.5601217108575867,0.34818440675735474,0.30976636558860315,824,66,622,159
YouTubeSpamCollection,Character TF-IDF + logistic regression,5,0.6080191502094554,0.33905146316851664,0.5302233070840456,0.5426935231144422,0.2527449934740616,0.17578793033726658,0.5839589117955948,0.7563524147952064,0.2912111054203609,0.28654691263483256,848,42,613,168
SpamAssassinPublicCorpus,mBERT,25,0.5005905179686182,0.5196364816617981,0.49980418601712534,0.49213159382660154,0.22251699689430587,0.1537939280096452,0.6067414135489771,0.6788626475822424,0.38817429542541504,0.40358709984667807,1366,2744,216,1601
SpamAssassinPublicCorpus,Qwen2.5 raw,25,0.4417074405264046,0.5063404445770551,0.4319704552530005,0.403198667583006,0.19150323475716516,0.10742814451418625,0.5790223316688694,0.6553716119857469,0.44469648599624634,0.481440720755072,921,3189,120,1697
SpamAssassinPublicCorpus,mBERT+Qwen concat no PCA,25,0.5453011641639953,0.5503086934757216,0.545244774992425,0.5432856784710483,0.29579776506567546,0.21487725170997174,0.6463490258935948,0.7473297606948165,0.34943655133247375,0.37388895062334687,1583,2527,168,1649
SpamAssassinPublicCorpus,mBERT+Qwen validation-selected PCA,25,0.6477138518643496,0.5805544395339494,0.6384447590339903,0.6608409970318972,0.349110562532365,0.3131370045575609,0.6888743376625464,0.7602906183423118,0.2593587338924408,0.24113406075322752,2394,1716,372,1445
SpamAssassinPublicCorpus,Character TF-IDF + logistic regression,5,0.6458579382486924,0.5939253240472044,0.6399693935120091,0.6577826297669099,0.37458170934778845,0.32590412774081656,0.7013533310033517,0.7773497663992545,0.24583220394451413,0.26074368896285893,2293,1817,282,1535
