seed,accuracy,spam_f1,macro_f1,weighted_f1,mcc,cohen_kappa,balanced_accuracy,roc_auc,brier,ece_15,mcc_at_fixed_threshold_0_5,epochs,best_epoch,batch_size,best_validation_loss,validation_selected_threshold,validation_mcc_at_selected_threshold,train_seconds,inference_ms_per_message,peak_gpu_memory_mb,trainable_parameters,fold,model
42,0.976707779886148,0.9009481541254792,0.943875146868938,0.9762373749846424,0.8890226046803194,0.8877827640636485,0.92690017101024,0.9863835776116304,0.0356796644628047,0.0518095106759463,0.8183521434805068,3,1,32,0.2640121579170227,0.9791157841682434,0.8876490664787546,811.3779807999963,0.8493650237193766,3420.346368,167357185,1,mBERT
13,0.9749525616698292,0.8939759036144578,0.9398873600912524,0.974499545400988,0.8807907531977398,0.8798028056897554,0.924739478607704,0.9836920807185684,0.0233390871435403,0.019611387818776,0.8769264526999535,3,1,32,0.3118983805179596,0.7828285694122314,0.8937332371001823,1056.966029800009,0.8401542647058154,3420.346368,167357185,1,mBERT
21,0.9757590132827324,0.8949640287769784,0.9406312301010512,0.9750592739076054,0.8838206211630605,0.8813306956403373,0.9170797405208851,0.9831360847288548,0.03752451390028,0.0456508569525417,0.8034679855342022,4,2,32,0.3127476274967193,0.9934611320495604,0.8918041479173627,1405.6495104999922,0.840637148956572,3412.099072,167357185,1,mBERT
87,0.9787476280834916,0.908720456397718,0.948347128231072,0.9782212776037316,0.8986119409102463,0.8967385357057601,0.9275660982813808,0.9843855246976372,0.0347013734281063,0.0673293799016999,0.8296079895814119,4,2,32,0.2527981698513031,0.878835141658783,0.8963490289260568,1404.7156437999802,0.8405928083486056,3422.645248,167357185,1,mBERT
101,0.9753795066413662,0.8940167449458852,0.9400443599135674,0.9747441159413855,0.8821385295485857,0.8801443405467235,0.9188518206822376,0.9800877047883284,0.0327514372766017,0.0442410654641963,0.8248743864583308,3,1,32,0.2892461717128753,0.8830344080924988,0.8912483057290006,1057.6522283000231,0.8405971299816366,3419.559936,167357185,1,mBERT
42,0.9698461538461538,0.8708696533549564,0.926899842621954,0.9690106741008708,0.8561163521211738,0.8538784473911863,0.9049476643319214,0.9776840197991934,0.0320263020694255,0.0316712195610506,0.823062694618932,4,3,32,0.297545462846756,0.9001793265342712,0.8976433509446912,1807.9201840000023,0.8747319384621313,3420.346368,167357185,2,mBERT
13,0.9718343195266272,0.8798222581296707,0.9319350439150996,0.9711016569288392,0.8659346120339996,0.8639350811844048,0.9109884345407828,0.9778757221099452,0.0253793019801378,0.0154667878342715,0.8648789779462657,4,2,32,0.3100157678127289,0.8530579209327698,0.90184712653105,1400.1305617000037,0.8422972449699427,3420.346368,167357185,2,mBERT
21,0.9726863905325444,0.8836458963500706,0.9340864970206012,0.971996339238164,0.8701295976728539,0.8682325062176507,0.9136006965180524,0.9766752060864212,0.0385625101625919,0.0522453158751747,0.8039012304505987,3,1,32,0.2906287312507629,0.963848114013672,0.8975664672533177,1053.82365440001,0.8429526437870254,3422.836736,167357185,2,mBERT
87,0.970414201183432,0.8748748748748749,0.9290493016167424,0.969765390297482,0.8595656801233137,0.858147396320271,0.91132233005533,0.97919693653672,0.0401387363672256,0.0607472999053593,0.797394637381944,3,1,32,0.2728968262672424,0.958304226398468,0.8836423347974646,1054.4475428999867,0.8447246437867519,3427.162112,167357185,2,mBERT
101,0.970224852071006,0.8766424789174347,0.9298557876539209,0.9698495250650064,0.8602030261809811,0.8597280147834461,0.9193903885056972,0.9782636378587314,0.0332364477217197,0.0328607875031127,0.8211857030483255,3,1,32,0.2885510623455047,0.8921873569488525,0.894033662960186,1053.8223519000169,0.8441487810651623,3427.03104,167357185,2,mBERT
42,0.9768467998291978,0.9003674969375255,0.943634467815982,0.9762145358907548,0.8895796866916241,0.8873275095561953,0.9211138944907924,0.9765239835565852,0.0260549020022153,0.0370749076142141,0.8733338258472652,3,1,32,0.3131194412708282,0.8048664331436157,0.8716825395195548,1123.9294315000006,1.2393656450163153,3420.346368,167357185,3,mBERT
13,0.9768467998291978,0.9003674969375255,0.943634467815982,0.9762145358907548,0.8895796866916241,0.8873275095561953,0.9211138944907924,0.9781198761715596,0.0280678756535053,0.0302987012737948,0.8566310533384395,3,1,32,0.3946110308170318,0.9643214344978333,0.8721942734496348,1062.4424862999876,0.8387925748440528,3420.346368,167357185,3,mBERT
21,0.9796935047682308,0.9131140885099472,0.9508086828066014,0.9791927462920216,0.903531198966832,0.9016594077488796,0.9299987219217372,0.9805458126175894,0.028070768341422,0.0533718287450963,0.8688829801543924,3,1,32,0.2869025468826294,0.8107787370681763,0.8796349031615229,1062.39624989999,0.8396951321340972,3416.55552,167357185,3,mBERT
87,0.9769891350761494,0.9008382743815172,0.94391134125377,0.9763453994370754,0.8902470961438022,0.8878837224756672,0.9208650477037617,0.9797827607996054,0.0225414782762527,0.019623650992096,0.8767559032502303,3,1,32,0.3558347523212433,0.6943026781082153,0.8759095146005604,1060.521798599977,0.8387040612997236,3425.659904,167357185,3,mBERT
101,0.9768942449115148,0.8993177589414927,0.9431337032775904,0.9761271488608426,0.8896576675834668,0.8863531354807052,0.9161903298510796,0.9799280054729864,0.0238617192953825,0.030039366993014,0.8714658560331285,4,2,32,0.3034389317035675,0.9219217896461488,0.8901802605380414,1415.000413200003,0.8399514874023903,3427.232768,167357185,3,mBERT
42,0.976114876072224,0.899119295436349,0.9427865466054508,0.9756471826565462,0.8867719849728458,0.885604526534751,0.9263446201213446,0.9847146355674984,0.0274746157228946,0.0357805912700991,0.8580243405213183,3,1,32,0.2860828042030334,0.8770562410354614,0.8981379241373917,1043.026410800012,1.1954158760250255,3420.346368,167357185,4,mBERT
13,0.9741244490782428,0.8891145410235581,0.9372339162545764,0.9734448806303568,0.8765863767661884,0.8745285350470218,0.9158348866829792,0.982607593326814,0.0244386512786149,0.0196669788325494,0.8667201323717665,3,1,32,0.3598644733428955,0.8778960704803467,0.8829971858952718,1060.6014980000036,0.8391307284019857,3420.346368,167357185,4,mBERT
21,0.9732240178190608,0.8839120608177522,0.9343894039189872,0.9723747947111068,0.8718339587715137,0.8688697535194866,0.9090717725212568,0.9864515563082428,0.0512809455394744,0.1004284375260822,0.7653997009598814,3,1,32,0.285246342420578,0.9775429368019104,0.8834412103821506,1059.493116800004,0.8403325055684583,3416.55552,167357185,4,mBERT
87,0.9723235865598788,0.8824003221908981,0.9333582876396536,0.9717053580799544,0.8682459124186988,0.8667637959819031,0.9151362159387656,0.9864270520838015,0.0431659147143363,0.0744798423599775,0.7991137347717848,3,1,32,0.3037551939487457,0.9690910577774048,0.8904635417558288,1060.0971637999755,0.8415685417749713,3424.157696,167357185,4,mBERT
101,0.9763518316667456,0.9008149473265752,0.943695251769876,0.9759636918558992,0.8882376440605525,0.8874124668843576,0.9297689456700124,0.9877933541974824,0.0284975282847881,0.0357963337599743,0.8450032427989161,4,2,32,0.3104791045188904,0.8749346137046814,0.8789488443654467,1288.9092622000026,0.8323506042372404,3430.247424,167357185,4,mBERT
42,0.9797245963912632,0.9164547055370768,0.952458485736195,0.979572443663926,0.9050987001053744,0.9049209530171454,0.9458071505958828,0.98920689224102,0.0302034709602594,0.0693355885248521,0.8646984340636689,3,1,32,0.2816416323184967,0.8250265121459961,0.8939771141036623,916.2943142000004,0.8399815147196815,3420.346368,167357185,5,mBERT
13,0.97991452991453,0.9147349324732916,0.9516757091925918,0.979495306475028,0.9047304749103215,0.9033813564340522,0.9338542795232936,0.9867113092757728,0.030567780137062,0.0568338817816425,0.8491350539670958,3,1,32,0.3454563319683075,0.7721872329711914,0.8831792529331473,963.625408699998,0.8422108689466348,3420.346368,167357185,5,mBERT
21,0.9806267806267808,0.920031360250882,0.9545048475575012,0.9804663626896464,0.909231479018849,0.9090143218197136,0.9471478873239436,0.9919285565463788,0.017115032300353,0.0120510263527908,0.8993918889765212,4,2,32,0.3834172785282135,0.7390459179878235,0.8978458711213727,1402.7752878000028,0.8297817521374354,3412.099072,167357185,5,mBERT
87,0.9798670465337131,0.9176379176379176,0.9530848897937504,0.9797795231456742,0.906231115384483,0.9061711125924792,0.949192849404117,0.9912777523126928,0.0295347087085247,0.0545477967321915,0.8587941050728458,4,2,32,0.273184210062027,0.7861306667327881,0.8963900412686612,1441.106380000012,0.8412101946816805,3422.645248,167357185,5,mBERT
101,0.9796771130104464,0.9169577027551415,0.9526897478770568,0.9795990658083756,0.905427365809131,0.9053805466246718,0.9492497291440952,0.9916916513876156,0.023690041154623,0.0351033637030598,0.8879209333244367,3,1,32,0.3217525482177734,0.8303191661834717,0.898815065445178,1060.242498800013,0.8407966001899002,3419.559936,167357185,5,mBERT
