configuration,perturbation,accuracy_mean,accuracy_std,spam_f1_mean,spam_f1_std,macro_f1_mean,macro_f1_std,weighted_f1_mean,weighted_f1_std,mcc_mean,mcc_std,balanced_accuracy_mean,balanced_accuracy_std,roc_auc_mean,roc_auc_std,brier_mean,brier_std,ece_15_mean,ece_15_std
Character TF-IDF + logistic regression,character_swap,0.9681380667209545,0.004164691297448089,0.8700770182739926,0.01830036005294732,0.9259595832570942,0.010321578193625815,0.9680259966603597,0.0043429223835178546,0.8520722113922531,0.02064361932869868,0.9236898117983975,0.015789978850383083,0.9784686095136808,0.006430137219691272,0.029188472472362566,0.002493658629420067,0.052945597042215374,0.005108357333992079
Character TF-IDF + logistic regression,clean,0.9702903542398905,0.0035759684928842296,0.880346011895691,0.01542966241625468,0.9316926239723926,0.008723051289513853,0.9703447559260132,0.003699687693408274,0.8635060791669936,0.01760748766929533,0.9338449217993364,0.013755284903968245,0.9803542625503929,0.006132862569080238,0.02788732564654966,0.0023211472999334847,0.05509664121260721,0.004773044867041561
Character TF-IDF + logistic regression,leetspeak,0.9651504869667844,0.003932278472329914,0.8578787241558988,0.01732687523402323,0.9190093456418438,0.009768764577943836,0.9650261995051166,0.004114748482554801,0.8381469284444252,0.019498750228432303,0.916580487631537,0.01442914629315397,0.9755147318624429,0.006674778757458215,0.03133988017573637,0.0025808065729223994,0.05245316700761819,0.0054022812188380944
Character TF-IDF + logistic regression,space_insertion,0.9694651618496029,0.0035302226675041418,0.8765224511786185,0.015428383038390144,0.9295502843500312,0.008707452675530327,0.9694682656435981,0.0036716632065545264,0.8592133312938802,0.017526611581004502,0.9302099881160792,0.013907064948739828,0.9795756885671956,0.00606540127726733,0.028290684825944684,0.0022893415322275935,0.05331873209200004,0.004936555093157972
Character TF-IDF + logistic regression,url_variation,0.9702903542398905,0.0035759684928842296,0.880346011895691,0.01542966241625468,0.9316926239723926,0.008723051289513853,0.9703447559260132,0.003699687693408274,0.8635060791669936,0.01760748766929533,0.9338449217993364,0.013755284903968245,0.9803543288340094,0.0061328502564967,0.02788718469436798,0.0023209988083583654,0.05510155640073215,0.004770463435261762
Qwen2.5 raw,character_swap,0.9440179993410236,0.005987685095891081,0.785485072692406,0.018375889605710724,0.8766442230359064,0.010914567884433114,0.9452676637737433,0.005375947014128898,0.7550791845536517,0.020921444224943925,0.8941145286024788,0.010319266386582237,0.9540209199217102,0.0070875510128869034,0.05169239312410354,0.00576660383028256,0.08103268600358582,0.01588978147962914
Qwen2.5 raw,clean,0.9432178240081598,0.006718142853231497,0.7917958931535154,0.019546824286129107,0.8794583627001525,0.011752775052484002,0.9454497418111417,0.005942880250562494,0.7638483486331767,0.021669842800855335,0.9124198381556238,0.009250114492107886,0.9642136434056383,0.0068219032487798785,0.0518367625772953,0.005846563116938564,0.09187252958152303,0.01537268357279994
Qwen2.5 raw,leetspeak,0.9395344875503026,0.00638120633525703,0.7698045047530873,0.018740980990588137,0.8674973222025484,0.011220301380098848,0.941038525005938,0.005653167326600377,0.7371267811116756,0.021264621521859033,0.8866517722860776,0.009981213714801603,0.9479554172898158,0.006098203042106015,0.0553821524977684,0.0060569494911098705,0.08627638033660928,0.016805034300667942
Qwen2.5 raw,space_insertion,0.9418918504848094,0.005871871501966784,0.78194797893469,0.01720633213696568,0.8742110305926252,0.010306280259011171,0.9436658082207703,0.005193281312712559,0.7514841254190894,0.019386874837817068,0.8987874217860267,0.009584801353211369,0.9563477960340134,0.006407967127178446,0.05262982651591301,0.0054518987370403196,0.0844779250259401,0.015184060844234334
Qwen2.5 raw,url_variation,0.9432178240081598,0.006718142853231497,0.7917958931535154,0.019546824286129107,0.8794583627001525,0.011752775052484002,0.9454497418111417,0.005942880250562494,0.7638483486331767,0.021669842800855335,0.9124198381556238,0.009250114492107886,0.9642136434056383,0.0068219032487798785,0.0518367625772953,0.005846563116938564,0.09187252958152303,0.01537268357279994
mBERT,character_swap,0.9167934035587407,0.012320658713405049,0.6841233219475087,0.027236270905993336,0.8180871143180138,0.01729887054212762,0.9189329243679281,0.010002516766929169,0.6390090889663669,0.031081766740496054,0.8342057567307449,0.010378723404547556,0.9089802150245613,0.008057394889749117,0.06897262126207351,0.009194708364308923,0.09539964024195804,0.021088366114375326
mBERT,clean,0.9148503642233611,0.015490753916158699,0.6991482928224562,0.033203214283162724,0.8247537864462388,0.021365083107602895,0.9193073176474179,0.012588215905161295,0.657924942397841,0.035650005856301806,0.8625838490851513,0.010421106612997829,0.9296788293723626,0.008076435806752451,0.0698370736837387,0.011353749362011157,0.11235028733774367,0.02315113726528989
mBERT,leetspeak,0.9137731645047683,0.012334907970311252,0.6742792558578303,0.026283687108777487,0.8122762356707612,0.016854346263555232,0.9161585151507856,0.00992413620218303,0.6276180707745873,0.030031086591181037,0.8295554219152771,0.009179488662535438,0.9033941053867417,0.007714292739780158,0.07125705182552337,0.009103500001718707,0.09799743169096276,0.02087073300705238
mBERT,space_insertion,0.9155567698636289,0.013785992855378097,0.686554925776658,0.028851747619243643,0.8188575482737229,0.01861126041963279,0.9184534319216777,0.01106929767087024,0.6419792920977687,0.0320239717536053,0.8412044261021079,0.009348592279319584,0.9129110387908628,0.0075093138160901044,0.06941783100366593,0.010039670870825032,0.09918263375343458,0.022506525889601656
mBERT,url_variation,0.9148503642233611,0.015490753916158699,0.6991482928224562,0.033203214283162724,0.8247537864462388,0.021365083107602895,0.9193073176474179,0.012588215905161295,0.657924942397841,0.035650005856301806,0.8625838490851513,0.010421106612997829,0.9296788293723626,0.008076435806752451,0.0698370736837387,0.011353749362011157,0.11235028733774367,0.02315113726528989
mBERT+Qwen concat no PCA,character_swap,0.9380252770701328,0.010898795123911186,0.7741215754816965,0.030156666407845475,0.8690967526392565,0.01832746809172521,0.9405910374455749,0.009491782714407544,0.7436286560495813,0.03310383274410623,0.9018622643262756,0.010590814116499675,0.9589017441244053,0.007773223341588844,0.05759608030319214,0.007781616171008949,0.08591827223568288,0.016854398340497345
mBERT+Qwen concat no PCA,clean,0.9370408770309365,0.01188507442841777,0.7789696003452221,0.032134383776402264,0.8711238618004633,0.01964652507403253,0.9404953297276565,0.010294047954489169,0.751682233505038,0.034456920794247725,0.917285639424296,0.009680906703695272,0.9687468773737461,0.006809794778415292,0.057442824095487593,0.008385310137406869,0.09397944824574797,0.017853398716793166
mBERT+Qwen concat no PCA,leetspeak,0.9292869477415386,0.011486290642465953,0.7493116585751607,0.029604769515483888,0.8540658428969259,0.018256172900948053,0.9329216551611909,0.009799037458770834,0.7163482732018805,0.03210329975401933,0.8951386225125727,0.010469864919939032,0.9538316699755596,0.007062214986706438,0.06393178462982178,0.008319630297462213,0.0968754950125814,0.018463546177312756
mBERT+Qwen concat no PCA,space_insertion,0.9378884704777807,0.010733067480692748,0.7752617215476109,0.028597624127111167,0.8696056782499104,0.01752040932199177,0.9406253877505756,0.00924396577480508,0.7453849034125148,0.03096688204785573,0.904931335313064,0.008965007208501108,0.9611069117282637,0.007060858230085906,0.056624263525009155,0.007671405205654581,0.08461198647631873,0.016863269687481537
mBERT+Qwen concat no PCA,url_variation,0.9370408770309365,0.01188507442841777,0.7789696003452221,0.032134383776402264,0.8711238618004633,0.01964652507403253,0.9404953297276565,0.010294047954489169,0.751682233505038,0.034456920794247725,0.917285639424296,0.009680906703695272,0.9687468773737461,0.006809794778415292,0.057442824095487593,0.008385310137406869,0.09397944824574797,0.017853398716793166
mBERT+Qwen validation-selected PCA,character_swap,0.9495094558767387,0.00550726342418832,0.8047026247446024,0.01853018327953681,0.88785332775509,0.010846702587244112,0.950447745490259,0.005121692213576428,0.776961256495149,0.02123781019271475,0.9027287276964419,0.010754532186290763,0.9582975274659978,0.00811985685256397,0.04912992149591446,0.0043065792209154895,0.06703893104410863,0.011780220370405823
mBERT+Qwen validation-selected PCA,clean,0.950846851952147,0.005879978453641504,0.8158199462747934,0.018996212744994512,0.8937280353708743,0.011208750373272526,0.952375955906558,0.005394122879109522,0.7906022161022829,0.02147750521541044,0.9201258737913532,0.010075488715482927,0.9684611328459833,0.007424487843466059,0.04753487050533295,0.004571562788553962,0.07325498680494397,0.012554392460890818
mBERT+Qwen validation-selected PCA,leetspeak,0.9415811422205755,0.005915996627810081,0.7801151836923327,0.0184173476101183,0.8732139334720311,0.0109322772968215,0.9432972328116827,0.005360513183959441,0.749138908337618,0.020876932519729934,0.8967423439726088,0.00913707343554812,0.9529223554127655,0.00637764767682998,0.05527745991945267,0.004703376542630932,0.07850209822807595,0.01287266846239601
mBERT+Qwen validation-selected PCA,space_insertion,0.9505204659671357,0.005553715846706575,0.8086891196892012,0.018463939632374266,0.8901358624208615,0.01082846268317591,0.9514479303216207,0.005138179077831406,0.7815667154363518,0.02114236189272836,0.9051823827776334,0.010616947042260771,0.9599553107739315,0.00814519976370591,0.04759469822049141,0.0041852653968172115,0.06377057122418296,0.011692482190429213
mBERT+Qwen validation-selected PCA,url_variation,0.950846851952147,0.005879978453641504,0.8158199462747934,0.018996212744994512,0.8937280353708743,0.011208750373272526,0.952375955906558,0.005394122879109522,0.7906022161022829,0.02147750521541044,0.9201258737913532,0.010075488715482927,0.9684611328459833,0.007424487843466059,0.04753487050533295,0.004571562788553962,0.07325498680494397,0.012554392460890818
