"file","sha256"
"external_multiseed_bootstrap.csv","85774f4d20326651f02de5ccc40ff8c8a126ce0b179c99d5324feae3917d5f1f"
"external_multiseed_ensemble.csv","9da2e80635a575e4a504915da5a9ba9463979b0c9d6d6da680ef2d7e109e86ea"
"extra_dataset_audit.json","3659fb343d296e7e28919961628d556c6a86650f2985ce6606a5cfc97f0faec0"
"mbert_majority_oof.csv","e0a6d9ab3a911a0f6fa2b2dab83d57ecb230a746fe3d80a5f18da77b10be9333"
"mbert_multiseed_runs.csv","815ef4389dad434715f13c71b1f2b3dfeead1ae746e424c3f84225caaa476063"
"mbert_multiseed_summary.csv","28fab945518bc0b8dc0f8b2a836cde9247b57a13fb28c042f48cc808410bad6d"
"mbert_paired_bootstrap.csv","9498e0db09c9cf8bff66d5dd2555229d69ea9ca43bd1b4381a0fa54af84bdab6"
"robustness_multiseed_summary.csv","6266c90c362ed6bb9fc8157f9a77145e143d4749aec46d387c61d1b936cf8833"
"static_multiseed_ensemble_bootstrap.csv","75c84fc1346a09cb38dd0197dce8604367803d8c2020004c29c10681428879b2"
"static_multiseed_ensemble_oof.csv","7d8fe7b2bb247b3a041eddaf8d1b1a21044a7f0a0105d5db29564f96ee4e447a"
"static_multiseed_paired_fold_ci.csv","691cf45b9224beac4b9b44a191c5dd149f0d235cd0e76938cda4e882b35a6938"
"static_multiseed_runs.csv","7b24df44107781c6a54e338e74b3cf5e6864b204dc6c1b3c9d048d73dbb63a77"
"static_multiseed_selection_frequency.csv","9ab8e051b6b8e43f88c7d63dba27eb7e2027714bf1d214ad48ea58069af795af"
"static_multiseed_summary.csv","cd92e8065fe5aa92e7a339b6f87e49f77f5b6fd2178c1d469d9106aa7900d82a"
