configuration,accuracy,spam_f1,macro_f1,weighted_f1,mcc,cohen_kappa,balanced_accuracy,roc_auc,brier,ece_15
DistilBERT,0.9352351507449522,0.7618815160919139,0.862201082841382,0.9377230889395204,0.7288216110248752,0.7247623478188955,0.8936116214157881,0.9541499680056503,0.055457934737205505,0.09744013641381659
DistilBERT+mBERT PCA-1024,0.9438559221569948,0.7870963101488887,0.877380359575209,0.9453474845565912,0.7568777744760751,0.7549068184414961,0.8991230838107542,0.9586166111353277,0.05137873813509941,0.0794298679104177
DistilBERT+mBERT PCA-128,0.9294500346158588,0.7435623427212245,0.8513305371407823,0.9324599767890293,0.7080554503460448,0.7031490503243435,0.8856972406161416,0.9489706711421224,0.058101870119571686,0.09075405687879753
DistilBERT+mBERT PCA-256,0.9339169029712736,0.756652930083118,0.8592100767440369,0.9364165650343651,0.7226740646954961,0.7187760831449344,0.889827549818328,0.9516630576660428,0.055636100471019745,0.08439420416982128
DistilBERT+mBERT RP-256,0.9278662405280578,0.7422219209652274,0.8501439299390037,0.9313891633857888,0.7074582108157559,0.7009498720717502,0.890231488569969,0.9521574406477366,0.06045311689376831,0.10046278610177586
DistilBERT+mBERT raw concat,0.9384027389205543,0.7685234684058591,0.8664990405088909,0.9402564538788307,0.7356794850996697,0.7332050717245512,0.8907059882194551,0.9523564952601618,0.053846970200538635,0.09417049284992007
DistilBERT+mBERT standardized concat,0.928795652627486,0.7484082836271028,0.8534688509450332,0.9325599501467821,0.7154910815162278,0.7077098950635141,0.897913285740414,0.9574992372831653,0.061459485441446304,0.10660117912441912
Llama-2 PCA-1024,0.9485883368265319,0.8027651446243406,0.8866034816856196,0.9497181821170118,0.7746667959756435,0.7732977760519344,0.9047561060176632,0.9606387606766655,0.04416734725236893,0.07083558266670809
Llama-2 raw,0.9528086264616902,0.8163837638376383,0.8946543981061239,0.9535776521637487,0.7901143990455664,0.7893541893935323,0.908152522594716,0.962408723502345,0.04342314973473549,0.07179945882725272
Llama-2+Qwen PCA-1024,0.9486452396081295,0.809525484540434,0.88992362949296,0.9504485040525472,0.783707714305002,0.7800843942956703,0.9204429001018677,0.9684833997264164,0.05250908061861992,0.09214374394960971
Llama-2+Qwen PCA-1536,0.9479908576197567,0.8089731085411732,0.8894353406223964,0.9500084608899857,0.7836200874215711,0.7791658634966465,0.9235299988569627,0.9699252350505392,0.05281728506088257,0.09423613103883469
Llama-2+Qwen PCA-2048,0.9502480012897964,0.8151905869090397,0.8932226907147938,0.9519663756250957,0.7901981027557,0.7866674129146177,0.9234335519705223,0.9695807495007274,0.052171532064676285,0.09210427335533938
Llama-2+Qwen concat no PCA,0.9534819760439289,0.824464087606914,0.8988262288774964,0.954807113449422,0.8001964292468964,0.7977921147907984,0.9235977896812555,0.9713248786503517,0.04886391758918762,0.08732531414661497
Qwen2.5 raw,0.9535673302163254,0.823478511681569,0.8983731624746911,0.9547549278389851,0.7987825878454193,0.796858119661682,0.9203837931592322,0.9696344283945585,0.046486977487802505,0.09186790409323804
Qwen2.5+PCA-1024,0.9522585662395797,0.8214640374521208,0.8969545815373801,0.9537849439032441,0.7971277231569753,0.7940908600709411,0.9249431229001456,0.9714584213554097,0.04816463962197304,0.08063138953411314
mBERT,0.9253814857316275,0.7255859375,0.8412029701768937,0.9282411276350383,0.6866242333018668,0.6828188763831546,0.870753754583932,0.937747550828176,0.06397546082735062,0.1123547056603671
mBERT PCA-256,0.9377862921199132,0.760932944606414,0.8625865512365171,0.9391128416558996,0.7264836319342892,0.7252764358033779,0.8790831805856983,0.9461519801419074,0.05274716392159462,0.08054980284407304
mBERT PCA-512,0.9389338315487988,0.7658119658119659,0.8653505957822965,0.9402847014926314,0.7321218100529319,0.7308105130740435,0.8826380352395737,0.9485876594824179,0.05125974491238594,0.07768549574984486
mBERT+Qwen PCA-1024,0.9513860569217492,0.8175411119812059,0.8947491546163634,0.9528724744795706,0.7924208802540388,0.7896670921694304,0.9212485676079197,0.9693349565399706,0.04848233982920647,0.08204326736047726
mBERT+Qwen PCA-1536,0.9509308346689681,0.8172764514761972,0.894468318305333,0.9525794607901825,0.7924880428487747,0.7891434899171341,0.9238560724685518,0.9709658967144263,0.04900990054011345,0.08402383805115189
mBERT+Qwen PCA-2048,0.9539087469059112,0.8262548262548263,0.8998424814108688,0.9552403217476525,0.8023086768746425,0.7998273893628294,0.9250606571375738,0.9708534168648016,0.04781007394194603,0.08109375684892378
mBERT+Qwen PCA-768,0.9502669688836622,0.8144636286442117,0.8928742889418122,0.9519029565988707,0.7891375546600502,0.7859492907964488,0.9214669840878671,0.9696809882159676,0.048567842692136765,0.08178830332720198
mBERT+Qwen RP-1024,0.9462742903748945,0.8030866557753137,0.8859901395526854,0.9484010690479008,0.7769039594177901,0.7722982779924521,0.9205732891080793,0.9699911293376636,0.04952837899327278,0.08355859728746112
mBERT+Qwen concat no PCA,0.9460940982331686,0.8040540540540541,0.8864011679346684,0.9483932542062017,0.7785666071752588,0.7731749580084273,0.9240957008531541,0.9717865733525208,0.05288833752274513,0.09395530763025883
mBERT+Qwen+Char PCA-1024,0.9511205106076269,0.8157443157443157,0.8937835697925138,0.9525326375076958,0.7901619034280034,0.7877181820526796,0.9186253341102294,0.9689177752424629,0.04977703094482422,0.085998093143559
mBERT+Qwen+Char PCA-1536,0.9503523230560588,0.8142760847199063,0.8928111987538032,0.9519335569653175,0.7887912527188503,0.7858098600217526,0.9203951590965174,0.9697918056893178,0.05013877525925636,0.0864360255480173
mBERT+Qwen+Char PCA-2048,0.9517748925959998,0.8188263797342075,0.8955059920375565,0.9532315019815788,0.7938655407034958,0.7911752616422948,0.9217010980664562,0.9694180965278164,0.050459228456020355,0.08713161679217922
mBERT+Qwen+Char PCA-768,0.9488728507345201,0.8092694144701928,0.8898746303545624,0.9505553908762223,0.7831224245363964,0.7799557751156598,0.9182658008167386,0.9683511594375354,0.05000656098127365,0.0843129193703657
mBERT+Qwen+Char concat no PCA,0.952040438910122,0.821187369612107,0.896746856953585,0.9536291207897731,0.7969565598669694,0.79369006986873,0.9258403298781614,0.9724232331575758,0.04942069202661514,0.08872326285483031
mBERT+Qwen2.5+Llama-2 PCA-1024,0.9483038229185436,0.8089044697633655,0.8895066050595168,0.950185046470262,0.7831687319661854,0.7792702062391262,0.921236812648015,0.9690018340211917,0.05205914005637169,0.09049262709507011
mBERT+Qwen2.5+Llama-2 PCA-1536,0.948891818328386,0.8103866859012702,0.8904261273202403,0.9506809647243015,0.7846918491161698,0.7810867705156268,0.9208801843612157,0.9693606025551676,0.05227585881948471,0.09224751353131438
mBERT+Qwen2.5+Llama-2 PCA-2048,0.9497927790370153,0.8135652908860402,0.892277741064698,0.9515336004648638,0.7883319885959172,0.7847813428818862,0.9225476694119026,0.9695294923453601,0.0522175170481205,0.0917261784360159
mBERT+Qwen2.5+Llama-2 concat no PCA,0.9532828163083372,0.8234408602150538,0.8982603839837797,0.9545855926485342,0.7989529760978519,0.7966550310824148,0.9224295593213543,0.9716537783846431,0.04888300597667694,0.08830603029102219
mBERT+Qwen validation-selected PCA,0.9558529252771639,0.8316394806322109,0.903117611379264,0.9569273715394486,0.8080901560688025,0.8063312568574796,0.9242253998320511,0.9709102976182302,0.044435445219278336,0.07321699706476162
mBERT+Qwen+Char validation-selected PCA,0.9564029854992745,0.8327086138505768,0.9038220698787198,0.9573572976895558,0.8091389445102275,0.8077205284309221,0.9226936521220335,0.9702272465543955,0.04517551138997078,0.07427808456215618
Llama-2+Qwen validation-selected PCA,0.9535673302163254,0.8245664325641393,0.8989045587385398,0.954867364402242,0.800264354781294,0.797943662215928,0.9232180508767386,0.970209173817326,0.048163630068302155,0.0836284984995464
mBERT+Qwen2.5+Llama-2 validation-selected PCA,0.9534250732623313,0.8240730789897904,0.8986163800160707,0.9547336442457028,0.7997044023803767,0.7973686850836755,0.9230050657670266,0.9700614353156705,0.04886415973305702,0.0847596298754329
