configuration,source_dimension,final_dimension,runs,folds,seeds,accuracy_mean,accuracy_std,spam_f1_mean,spam_f1_std,macro_f1_mean,macro_f1_std,weighted_f1_mean,weighted_f1_std,mcc_mean,mcc_std,cohen_kappa_mean,cohen_kappa_std,balanced_accuracy_mean,balanced_accuracy_std,roc_auc_mean,roc_auc_std,brier_mean,brier_std,ece_15_mean,ece_15_std
DistilBERT,768,768,25,5,5,0.9263647423189555,0.01218146168536893,0.7373944015280222,0.031407365244647364,0.8472762705348384,0.019358190683582004,0.9299921953992178,0.0103854898502069,0.7020798509945128,0.034540415100490836,0.6953493599923734,0.03813531239449231,0.8853906751707449,0.01191304932632964,0.9480524658410115,0.008524618343012949,0.06087118372321125,0.009619536946598206,0.0974393622710058,0.021081873750745807
DistilBERT+mBERT PCA-1024,1536,1024,25,5,5,0.9387228903345637,0.0055585002781410285,0.7717960608799441,0.017310668454276486,0.8682014007038776,0.010267190567654542,0.9407738187768442,0.005037607348276495,0.739901478893775,0.019795696835140868,0.7366780919812764,0.020446299119185305,0.8952045764671865,0.009675431319086719,0.9554368437304401,0.007800179357637695,0.05452015593647953,0.004362114874189247,0.07943451061366343,0.011744006000164075
DistilBERT+mBERT PCA-128,1536,128,25,5,5,0.9195463421153544,0.010980554487728495,0.7178803155471317,0.028329635384327204,0.8354741538464158,0.017450113176370154,0.9239966342108594,0.009366274177923802,0.6801596813722057,0.03140559965575286,0.671988918219426,0.034298769417343285,0.8788608112339514,0.013025290159855518,0.9437313654749313,0.009349654398291933,0.06300028324127194,0.00684803100028614,0.09079942466677966,0.013698408358381443
DistilBERT+mBERT PCA-256,1536,256,25,5,5,0.9266979747360199,0.0070859489499659764,0.7366319943141079,0.019799312259949468,0.8470244192273312,0.01196877215856063,0.930126164786179,0.006179292395199995,0.7007292602091626,0.022319357906905726,0.6947031799553042,0.02369463931524629,0.8843077728136369,0.011059295779814933,0.9474390542701027,0.009412500598459236,0.059564759433269464,0.005980898514719436,0.08440763883819734,0.015161855141672127
DistilBERT+mBERT RP-256,1536,256,25,5,5,0.9175210553746384,0.009618634524597339,0.7154919028104704,0.023246192932842212,0.8336232782892458,0.01451816961440268,0.922552845818355,0.00802942829557338,0.6786069391296574,0.025276100809785183,0.6685376726633767,0.028372718267991592,0.882696775362672,0.010851714768220935,0.9471109905425934,0.0076020906348156295,0.06548531532287594,0.006538232616863744,0.10047036126979439,0.017322614055212373
DistilBERT+mBERT raw concat,1536,1536,25,5,5,0.9295212870164198,0.009119249042050009,0.7431854943054342,0.02395266265685717,0.8511647258288129,0.014695943650911751,0.932450113215156,0.0078016155679754085,0.7077359224272262,0.026626466157490786,0.7028600671231642,0.029035932323792365,0.8832715553508735,0.009684811713242978,0.9458147081675696,0.0073575101769493235,0.05923495173454281,0.007118478751637709,0.09417526358103982,0.01832451694177805
DistilBERT+mBERT standardized concat,1536,1536,25,5,5,0.9181446143043521,0.011704931646241434,0.7218872857559979,0.027333826305407736,0.836937876072396,0.01724339284100217,0.9235463289551421,0.009735957601780499,0.6873540718117819,0.029093197262706778,0.6754066123891654,0.03359428307938779,0.8910144884567146,0.010142369019155308,0.9529351885779621,0.00781734235610384,0.06665172994136807,0.00851846008717377,0.10660429045977043,0.019587309974617766
Llama-2 PCA-1024,4096,1024,25,5,5,0.946948283719963,0.005284956787419874,0.7975226673498967,0.01664670921648271,0.8834969774713773,0.00984203273239884,0.9482164905310303,0.004801993138965813,0.7689623161359991,0.01896207636001952,0.7671282931769628,0.01961417989139114,0.9028292997603661,0.010069909738854724,0.9601820004067134,0.00799582488619895,0.04526435926556584,0.004330670412786152,0.07084132445819806,0.012018733890683538
Llama-2 raw,4096,4096,25,5,5,0.9506332424098352,0.0058202826998825456,0.8094275787510951,0.018951606238886278,0.8905340261089961,0.011158720504678825,0.9515887963806219,0.005357448818135909,0.7824445165133175,0.021654332573313083,0.781156082585704,0.022260973658969386,0.9060195495393961,0.010201451921814304,0.9613321926656815,0.00795582313050878,0.04484482973814005,0.004410466912295489,0.07180266469617246,0.009860253664547788
Llama-2+Qwen PCA-1024,7680,1024,25,5,5,0.9427357230934947,0.007901450715943316,0.7919059132650281,0.023304731250233156,0.8793499387047525,0.013989426571043656,0.9451758312765449,0.007034722296763802,0.7644419079475827,0.02585289224920544,0.7591257615670892,0.027752660959132563,0.9152570401488397,0.009983600311726501,0.9657935157827198,0.007722947341493235,0.05566933155059811,0.006239855787712019,0.09214631342789324,0.014129237898348862
Llama-2+Qwen PCA-1536,7680,1536,25,5,5,0.939407406964114,0.01487606691545091,0.7852406788354118,0.03661947610775516,0.8749697519562758,0.022864577085989074,0.9425163589498058,0.012559225464731748,0.7581352829802352,0.03882462845557533,0.7506997740869454,0.044563634104193804,0.9167676285599816,0.012204054743065282,0.9672229806798051,0.007587231157122483,0.05623106062412257,0.006463053087653929,0.09424258187903063,0.015886432203378875
Llama-2+Qwen PCA-2048,7680,2048,25,5,5,0.9365877105252707,0.019257505904087785,0.7784205279230424,0.04743937850472819,0.8706870285930232,0.02962632578957594,0.940146915023576,0.016240687331651342,0.7509673567473871,0.049989916417824624,0.7423843325674092,0.05775864781727217,0.9145982376342563,0.013675457119119768,0.9667197576505784,0.0074396174768557605,0.055891736149787846,0.005650373712090475,0.09211175087478086,0.016803795085273097
Llama-2+Qwen concat no PCA,7680,7680,25,5,5,0.9454657132196544,0.007288409203020079,0.8003015113243347,0.02187110826335944,0.8843586101826891,0.01307828096003346,0.9476359696977366,0.006506697137103781,0.7738057845674048,0.02428585748125983,0.7690737248541883,0.02595636018493967,0.9181121868465202,0.010577219050475633,0.9681924604391018,0.007016503135049856,0.05303768232464785,0.005458749083150224,0.08752909889793115,0.013448051023778182
Qwen2.5 raw,3584,3584,25,5,5,0.9432178240081599,0.006718142853231489,0.7917958931535154,0.019546824286129107,0.8794583627001525,0.011752775052484052,0.9454497418111417,0.0059428802505625,0.7638483486331767,0.021669842800855352,0.7592773203671633,0.02331158372791502,0.9124198381556237,0.009250114492107846,0.9642139284251888,0.006821833714904254,0.051836762279272024,0.005846562978345039,0.09187252960641366,0.015372683841743518
Qwen2.5+PCA-1024,3584,1024,25,5,5,0.946896511692196,0.005866861146641732,0.8050273115032489,0.018064107008380865,0.8871430486976675,0.010745434028283506,0.9489606914241242,0.0052622180967701986,0.7791653104031069,0.020148470240714325,0.7746105306268817,0.021348759958695052,0.9205642131866233,0.009807288080831025,0.9693401400194094,0.006913891104713989,0.05123761191964146,0.0042079929501818505,0.08071277756041412,0.011699299606796608
mBERT,768,768,25,5,5,0.9148503642233611,0.015490753916158685,0.6991482928224562,0.033203214283162724,0.8247537864462386,0.021365083107602892,0.9193073176474179,0.012588215905161272,0.657924942397841,0.035650005856301806,0.6506496616147059,0.041422482923264226,0.8625838490851513,0.010421106612997824,0.929678847600357,0.008076417727508216,0.06983707338571543,0.011353749267289118,0.11235028710588817,0.023151137215090666
mBERT PCA-256,768,256,25,5,5,0.9331656091997028,0.00721500378132867,0.7471794727013384,0.021534752746199974,0.8543333190605037,0.012868426421781844,0.9349961230417995,0.006450924481193771,0.7110228664614833,0.02459721129086899,0.7088838481149728,0.02559644222167917,0.8748701516538965,0.01054379062186971,0.9413362658663016,0.007840749467303995,0.05577690094709391,0.005677824238712961,0.0805490226139356,0.012273758231044896
mBERT PCA-512,768,512,25,5,5,0.9345858482914884,0.00761926059291337,0.7532789772387593,0.02194045705624522,0.8577830841589263,0.01320800067476099,0.9364528834862628,0.006697764199102316,0.7182223916652449,0.024875230138825255,0.7158073820901691,0.02624873629678064,0.8792207993526039,0.009256313961970174,0.9450985194648189,0.007300492794707526,0.05420857578516002,0.005706280623719597,0.07768896810837486,0.014691842304999599
mBERT+Qwen PCA-1024,4352,1024,25,5,5,0.9470311045041016,0.005999850570105511,0.8042996995032137,0.018934991412120877,0.886833629819851,0.011222187117248702,0.9489638934400385,0.005465150740131839,0.7779020873207702,0.021381139338423866,0.7739475856225152,0.022334249916190256,0.9179006948091403,0.009575707524601431,0.967304773743472,0.007566357131840059,0.05121926441788669,0.005260248088478838,0.08204557940017834,0.014476849308479296
mBERT+Qwen PCA-1536,4352,1536,25,5,5,0.9414903476632442,0.018411041839408063,0.7921390992143542,0.04559228273054095,0.8790246732421514,0.028437199721803363,0.944434957095754,0.015537918328706941,0.7657769040493804,0.047880100736833665,0.7588399534324435,0.05542829329061698,0.9178657283803969,0.012521363218713054,0.9687827959183718,0.007343480844687148,0.05218848466873163,0.0060983585853464665,0.0840427925352599,0.015810680311096205
mBERT+Qwen PCA-2048,4352,2048,25,5,5,0.9437995169913236,0.01619187009706078,0.7979605504364128,0.04136597944993216,0.8826435041256011,0.025607129580974917,0.9463930040682729,0.013780525710615141,0.7719894626605437,0.04371479722822676,0.765918611972841,0.050136835142390174,0.9184657679041051,0.011877863465912996,0.9685445140962098,0.007592221398331535,0.05107137188315388,0.005537870357389105,0.08113515363621387,0.015392047447697172
mBERT+Qwen PCA-768,4352,768,25,5,5,0.9451664220658296,0.006467001697324105,0.7991225493542505,0.019018886359768297,0.8836837223862478,0.011411475852889373,0.9473403683221214,0.005746191613480365,0.7724098836413503,0.021136287050383493,0.7677191611834313,0.02263952082284966,0.9174061641431672,0.00943582357396154,0.9675301177701517,0.007211427021649041,0.05149345785379406,0.005312991936871736,0.08179117458044742,0.013911067604292242
mBERT+Qwen RP-1024,4352,1024,25,5,5,0.9392410258067574,0.007267315809076496,0.7830505300648072,0.021514572301089937,0.873859553360449,0.01289495554487811,0.9422201746949213,0.0064581875819966555,0.7553651075231577,0.024005023134728316,0.7483100473892376,0.025557127585072774,0.9160790048949771,0.011315055929036035,0.9671015405206055,0.008334359166746075,0.05342553630471225,0.005743045981183993,0.08371298092897084,0.012546313032182555
mBERT+Qwen concat no PCA,4352,4352,25,5,5,0.9370408770309365,0.011885074428417741,0.7789696003452221,0.03213438377640227,0.8711238618004634,0.01964652507403251,0.9404953297276565,0.010294047954489164,0.751682233505038,0.034456920794247725,0.7430603713429096,0.038701110702137824,0.9172856394242962,0.009680906703695334,0.9687469395146365,0.0068098372492397105,0.05744282379746432,0.008385310309872572,0.09397944700282627,0.017853399415192032
mBERT+Qwen+Char PCA-1024,5376,1024,25,5,5,0.9463934208982168,0.006009640046537148,0.8015154380399174,0.018722116517684833,0.8852619751699069,0.011113886951914105,0.9483050114938029,0.005444391777121509,0.7746199795054968,0.02117719179627083,0.7707996968762985,0.022119720135849827,0.9153879065040224,0.010021085715637904,0.9662345328631149,0.00755640778733921,0.05266373589634891,0.005195512170535978,0.08600276825069246,0.014672832102971805
mBERT+Qwen+Char PCA-1536,5376,1536,25,5,5,0.9410569930234086,0.01766366592182748,0.7895796948782514,0.04426569311141336,0.8776348489258372,0.027532569937838793,0.9439266567631874,0.014942665966892072,0.7625490765694419,0.04686586120461972,0.7560059355305542,0.05375542721033942,0.9151591512925505,0.013021621516469016,0.9673237053104914,0.007149979814871693,0.0530912329256534,0.00568081016916724,0.086457602961232,0.015811777633097657
mBERT+Qwen+Char PCA-2048,5376,2048,25,5,5,0.9380689729903073,0.02058874329518319,0.7825962856958509,0.051009356879732425,0.8732173837560007,0.03181496821812698,0.941439839779131,0.01737628716313209,0.7554689221415173,0.05360943109421285,0.747419905670698,0.062092153602554996,0.9143385767845179,0.013728588607456975,0.9673492829130721,0.007306820514129893,0.053522270172834355,0.004302315999703465,0.08716344882007371,0.015355357491200072
mBERT+Qwen+Char PCA-768,5376,768,25,5,5,0.9440037370090664,0.0071750086527176,0.7949046632134684,0.021453126187211374,0.881237198507749,0.012828752373802082,0.9462267817971725,0.00640461265513996,0.7675290776093691,0.023856927340673392,0.762839401922802,0.02546638305673184,0.914681333454332,0.010620047359138922,0.966302703910235,0.007287258770797287,0.05280401304364201,0.005557431931936093,0.08431698049096868,0.014374417524587428
mBERT+Qwen+Char concat no PCA,5376,5376,25,5,5,0.9433203843190173,0.009148082370592331,0.7948754193467314,0.026795157819563844,0.8809923563206555,0.016107477432415678,0.9458217718783162,0.008087974988082749,0.7681874111920455,0.029267172298706446,0.7624513009862502,0.031913102659361176,0.9180695786242482,0.010425606190064189,0.9687728648319517,0.00736700694025971,0.05401669219136235,0.007057169408426204,0.08880523488387454,0.016817146111581364
mBERT+Qwen2.5+Llama-2 PCA-1024,8448,1024,25,5,5,0.9427134059652577,0.006445770067580261,0.7922821829249272,0.019306478392850088,0.8795263837480897,0.011541926667860403,0.9452023750369429,0.005764306476150243,0.7650783234420829,0.02157302134588992,0.7594886435015868,0.022919434934989463,0.916722546992973,0.009966821566081134,0.9665339738913018,0.007658266911210962,0.05518766507506366,0.00567587016223162,0.09049646761596282,0.014646617648512425
mBERT+Qwen2.5+Llama-2 PCA-1536,8448,1536,25,5,5,0.9385128327936003,0.017858107523868134,0.7827724938268203,0.04211230183667713,0.8734563510651087,0.02656281454875566,0.9417237763296817,0.01489951777101153,0.7553565947286781,0.043598994831594955,0.747796415771133,0.05152794619243376,0.9143885008671745,0.01156314031640709,0.9667708227261274,0.00715002878911924,0.05555041417479511,0.004894560811696823,0.09225431982247692,0.013666912827069558
mBERT+Qwen2.5+Llama-2 PCA-2048,8448,2048,25,5,5,0.9369684221684915,0.01737564846085625,0.7785786701581029,0.04256592770763625,0.8708961707966548,0.026606679913291624,0.9403945508724655,0.014619960169934389,0.7509577897782043,0.044633267347475074,0.7427215567890186,0.05187000725925586,0.9140303207727051,0.012833111776151408,0.9665719756195515,0.00789201003518483,0.05570109128952022,0.0040733847984725895,0.0917349207848268,0.014199811100996391
mBERT+Qwen2.5+Llama-2 concat no PCA,8448,8448,25,5,5,0.9461219835735227,0.006717322624835691,0.8017351896584551,0.02079657854951672,0.8852781758532332,0.01236563699867388,0.9481670952177024,0.006080850565595493,0.7751649245761194,0.023354710540928622,0.7708705500784587,0.02459122171520316,0.9174911179452688,0.010375301274627368,0.9682085856601881,0.006591367008016807,0.052713772654533336,0.004671019111210001,0.08840364384251577,0.011854482086637128
mBERT+Qwen validation-selected PCA,4352,1536,25,5,5,0.950846851952147,0.005879978453641522,0.8158199462747932,0.018996212744994523,0.8937280353708742,0.011208750373272536,0.9523759559065579,0.005394122879109547,0.7906022161022829,0.021477505215410437,0.7876493816191682,0.022328415408547738,0.9201258737913532,0.010075488715482856,0.9684611328459833,0.007424487843466031,0.047534870058298075,0.004571563033723475,0.07325498634668685,0.012554392547787603
mBERT+Qwen+Char validation-selected PCA,5376,1536,25,5,5,0.9515611918252038,0.0041058029699764425,0.8173478237705555,0.013952423927590017,0.8947119068337207,0.008142850275391338,0.9529510305572263,0.003827848196859297,0.792164528081343,0.016092421099498443,0.7895845244226137,0.01625469682340639,0.9193136691896546,0.010249233006153434,0.9678475654154549,0.007463419579824388,0.048104040771722756,0.003624449788897057,0.07431842954718738,0.012130812784055256
Llama-2+Qwen validation-selected PCA,7680,1536,25,5,5,0.9481303118370096,0.00485326444182806,0.8076019306991121,0.015405430589344649,0.8888119641361562,0.009109368864792767,0.9499454757543805,0.004433148226402898,0.7815738916660091,0.017538980491984196,0.7778760881962898,0.018141599466414766,0.9188363854516632,0.009448212683396446,0.9673669555058657,0.007432363546865127,0.05134487807750696,0.0042143789196034875,0.08363373681301567,0.01290634715356082
mBERT+Qwen2.5+Llama-2 validation-selected PCA,8448,1536,25,5,5,0.9471607079555302,0.005357568472513958,0.8045955292448916,0.017774773827073837,0.887021518840132,0.010434329610949075,0.9490710451375983,0.004957441013549067,0.7782482599232187,0.02038078015308474,0.7743160835892521,0.020795073677665355,0.9180959541272145,0.01131846252533835,0.9671215742089858,0.008115329514372637,0.05237644508481022,0.0049445951700889485,0.0847653520312344,0.013874826724383529
